"公众号","更新日期","企业性质","公司/单位名称","招聘类型","行业","推文标题","招聘岗位","岗位方向","专业要求","地点","原文链接","网申地址","截止日期","往届是否可投递","学历要求","适用届别","内推码","报考要求","薪资","福利待遇","推荐分数","推荐等级","推荐理由","不推荐理由","招聘人数","报名方式","AI置信度"
"央企求职网","2026-07-18","央企","《人民铁道》报业有限公司","校招","新闻出版","中国铁路2026年校园招聘新增岗位公告！","新闻采编岗位","新闻采编","新闻传播学类、中国语言文学类等相关专业","北京","https://mp.weixin.qq.com/s/mpHPtdHyzyoieszUn-Mo9A","http://rczp.china-railway.com.cn","2026-07-19","是","本科及以上学历","2026届","","2026年应届高校毕业生或2025年未就业毕业生（档案保留在学校或就业服务机构，未与其他单位建立劳动关系）；报到时取得毕业证和学位证；遵纪守法，热爱党的新闻事业；身心健康","","","64","medium","专业面向文科社科方向；本科或大专层次可报；央企平台，稳定性高；专业对口，文科社科类优先；工作地点在北京","仅招聘1人，竞争激烈；薪资福利未披露；学历要求本科，硕士无明确优势","1","网上报名","0.9"
"央企求职网","2026-07-18","央企","中国石油化工集团有限公司","校招","石油石化","中国石化2027校招计划及薪资待遇","油田企业岗位","油气勘探开发；炼油化工；产品销售；工程设计；科研；专业管理","专业要求广泛，包括石油化工、机械、电气、计算机、管理、经济等，具体见官网","全国","https://mp.weixin.qq.com/s/M3aAMwZQfz-0Dp6QEZpo1Q","https://job.sinopec.com","2026-11-15T24:00:00","否","本科及以上学历，硕士优先","2027届","","2027年全国普通高等院校统招统分应届毕业生（定向、委培除外）；回国（境）后初次就业的留学生（毕业时间2026.1.1-2027.12.31）；西藏、青海、新疆三省区及四川、云南、甘肃三省涉藏州县毕业生优先","16-20万/年（硕士转正第一年）","五险一金；补充医疗险；企业年金；重疾险；意外险；带薪年假；年度体检；生日福利；结婚礼金；生育礼金；退休慰问金；急难救助金","72","medium","专业限制较宽或不限专业；学历要求以硕士为主，符合优先级；央企平台，稳定性高；薪资待遇优厚，福利全面；招聘规模大，岗位类型多；北京、上海等地有机会解决户口","具体岗位信息未公布，需自行查询官网；报名时间、流程为往年参考，可能有变动；竞争激烈，录取率低","10000","网上报名","0.8"
"国资小新","2026-07-18","央企","中粮集团有限公司","社招","农粮食品","【社招】中粮集团有限公司公开招聘公告","薪酬考核和人工成本管理岗","薪酬考核；人工成本管理","财务会计、人力资源等相关专业","北京市朝阳区","https://mp.weixin.qq.com/s/PdmS606k6fsjVCSTS2OiSQ","","2026-07-24","是","全日制大学本科及以上学历","往届生","","政治立场坚定，政治敏感性强，中共党员优先；2年以上财务会计、薪酬激励等相关工作经验；具有较强的语言沟通和组织协调能力；具有扎实的文字功底，能够熟练撰写常用公文；具有基本的英语听说读写能力；能熟练使用办公软件及管理信息系统，具有较强的数据处理和分析能力","","","72","medium","专业符合管理类方向；本科或大专层次可报；央企平台，稳定性高；专业对口（财务会计、人力资源）；工作地点北京朝阳，地理位置优越","薪资福利未披露；要求2年以上工作经验，应届生不可投；仅招聘1人，竞争可能激烈","1","邮箱投递","0.95"
"国资小新","2026-07-18","央企","北方矿业","实习","矿业","【校招】2027届北方矿业实习生计划正式启动","实习生","未明确","专业不限","未明确","https://mp.weixin.qq.com/s/3B4KYiLeE3bmmkNsLUZ7Yw","https://mp.weixin.qq.com/s/3B4KYiLeE3bmmkNsLUZ7Yw","","否","未明确，推测本科及以上","2027届","","2027届毕业生","","","58","medium","专业限制较宽或不限专业；本科或大专层次可报；央企实习机会；面向2027届，专业不限","信息不完整，薪资福利未披露；岗位方向未明确","","阅读原文进入报名页面","0.7"
"国企求职网","2026-07-18","国企","中国工商银行","校招","银行","工商银行2027秋招计划：秋招时间线，招聘岗位、考试时间！","星辰管培生","管理培训生","专业不限，但管理类、经济金融类优先","全国各省区及部分海外地区","https://mp.weixin.qq.com/s/hLbRG88jTCmRdQazmuApgw","","","否","全日制本科及以上学历","2027届","","应届生身份；全日制本科及以上","250000-400000","六险二金；带薪休假；员工宿舍；食堂；节日补贴；交通通讯补贴；年度体检；解决户口","75","medium","专业限制较宽或不限专业；学历要求以硕士为主，符合优先级；国有大行平台，职业发展稳定，履历背书强；薪酬福利极具竞争力，总行年薪25-30W，分行可达近40W；六险二金等福利完善，外地员工可解决户口","竞争激烈，录取率不足3%；专业要求未明确，可能偏好管理类、经济金融类；报名方式、截止时间等关键信息未披露","","","0.8"
"国企求职网","2026-07-18","国企","中国工商银行","校招","银行","工商银行2027秋招计划：秋招时间线，招聘岗位、考试时间！","专业英才","专业类岗位","专业不限，但经济金融、财务会计、管理、法律、理工等专业优先","全国各省区及部分海外地区","https://mp.weixin.qq.com/s/hLbRG88jTCmRdQazmuApgw","","","否","全日制本科及以上学历","2027届","","应届生身份；全日制本科及以上","8000-10000","六险二金；带薪休假；员工宿舍；食堂；节日补贴；交通通讯补贴；年度体检；解决户口","72","medium","专业限制较宽或不限专业；学历要求以硕士为主，符合优先级；国有大行平台，专业对口岗位多；薪酬福利较好，月薪8K-10K起；福利完善，外地员工可解决户口","竞争激烈，笔试淘汰率高；专业要求未明确，可能偏好经济金融等专业；报名方式、截止时间等关键信息未披露","","","0.8"
"国企求职网","2026-07-18","国企","中国工商银行","校招","银行","工商银行2027秋招计划：秋招时间线，招聘岗位、考试时间！","客服经理","服务类岗位","专业不限","全国各省区及部分海外地区","https://mp.weixin.qq.com/s/hLbRG88jTCmRdQazmuApgw","","","否","全日制本科及以上学历","2027届","","应届生身份；全日制本科及以上","","六险二金；带薪休假；员工宿舍；食堂；节日补贴；交通通讯补贴；年度体检；解决户口","72","medium","专业限制较宽或不限专业；学历要求以硕士为主，符合优先级；专业不限，门槛相对较低；国有大行平台，福利完善；外地员工可解决户口","薪资未明确，可能较低；岗位发展空间有限；报名方式、截止时间等关键信息未披露","","","0.7"
"国企求职网","2026-07-18","国企","中国工商银行","校招","银行","工商银行2027秋招计划：秋招时间线，招聘岗位、考试时间！","客户经理","营销类岗位","专业不限，但经济金融、市场营销、管理类优先","全国各省区及部分海外地区","https://mp.weixin.qq.com/s/hLbRG88jTCmRdQazmuApgw","","","否","全日制本科及以上学历","2027届","","应届生身份；全日制本科及以上","","六险二金；带薪休假；员工宿舍；食堂；节日补贴；交通通讯补贴；年度体检；解决户口","70","medium","专业限制较宽或不限专业；学历要求以硕士为主，符合优先级；专业不限，适合多专业背景；国有大行平台，职业发展稳定；福利完善，外地员工可解决户口","薪资未明确，可能依赖绩效；竞争激烈，笔试淘汰率高；报名方式、截止时间等关键信息未披露","","","0.7"
"国企求职网","2026-07-18","国企","中国工商银行","校招","银行","工商银行2027秋招计划：秋招时间线，招聘岗位、考试时间！","科技菁英","科技类岗位","计算机、软件工程、电子信息、通信、自动化、数学、统计等理工类专业","全国各省区及部分海外地区","https://mp.weixin.qq.com/s/hLbRG88jTCmRdQazmuApgw","","","否","全日制本科及以上学历","2027届","","应届生身份；全日制本科及以上","12000-15000","六险二金；带薪休假；员工宿舍；食堂；节日补贴；交通通讯补贴；年度体检；解决户口","41","low","专业匹配度较低；学历要求以硕士为主，符合优先级；科技岗薪资较高，月薪12K-15K起步；国有大行科技平台，发展前景好；福利完善，外地员工可解决户口","未发现行政管理、管理类或文科专业入口；专业要求严格，仅限理工类相关专业；竞争激烈，录取率约5%-8%；报名方式、截止时间等关键信息未披露","","","0.8"
"国聘","2026-07-17","民企","昂纳科技(深圳)集团股份有限公司","社招","制造业","初中至大专学历可报！技能人才岗位推荐→","生产操作工","生产操作","不限专业","深圳","https://mp.weixin.qq.com/s/AjjnZCmYFaIgbVn2NtPAVw","","","是","初中至大专学历","不限","","具备实操能力与职业发展潜力","","","59","medium","专业限制较宽或不限专业；本科或大专层次可报；学历要求低，初中即可；一线技能岗位，实操能力匹配度高；深圳地区就业机会","薪资福利未披露；无明确截止时间；岗位信息不完整","","","0.8"
"国聘","2026-07-17","民企","比亚迪股份有限公司","社招","制造业","初中至大专学历可报！技能人才岗位推荐→","技术工操作工","技术操作","不限专业","深圳","https://mp.weixin.qq.com/s/AjjnZCmYFaIgbVn2NtPAVw","","","是","初中至大专学历","不限","","具备实操能力与职业发展潜力","","","59","medium","专业限制较宽或不限专业；本科或大专层次可报；知名企业，平台大；学历要求低；技术岗位有发展空间","薪资福利未披露；岗位职责不明确；无截止时间","","","0.8"
"国聘","2026-07-17","民企","深圳市华美兴泰科技股份有限公司","社招","制造业","初中至大专学历可报！技能人才岗位推荐→","贴片印刷员/贴片机操作员/插件操作员","SMT操作；插件操作","不限专业","深圳","https://mp.weixin.qq.com/s/AjjnZCmYFaIgbVn2NtPAVw","","","是","初中至大专学历","不限","","具备实操能力与职业发展潜力","","","59","medium","专业限制较宽或不限专业；本科或大专层次可报；多个岗位方向可选；学历要求低；电子制造行业经验积累","薪资福利未披露；岗位合并，具体职责未区分；无截止时间","","","0.8"
"国聘","2026-07-17","民企","深圳市华美兴泰科技股份有限公司","社招","制造业","初中至大专学历可报！技能人才岗位推荐→","ATE测试试产技术员","测试技术","不限专业","深圳","https://mp.weixin.qq.com/s/AjjnZCmYFaIgbVn2NtPAVw","","","是","初中至大专学历","不限","","具备实操能力与职业发展潜力","","","59","medium","专业限制较宽或不限专业；本科或大专层次可报；技术岗位，有专业发展；学历要求低；测试领域入门机会","薪资福利未披露；无截止时间；岗位信息不完整","","","0.8"
"国聘","2026-07-17","民企","深圳市华美兴泰科技股份有限公司","社招","制造业","初中至大专学历可报！技能人才岗位推荐→","生产拉长","生产管理","不限专业","深圳","https://mp.weixin.qq.com/s/AjjnZCmYFaIgbVn2NtPAVw","","","是","初中至大专学历","不限","","具备实操能力与职业发展潜力","","","59","medium","专业限制较宽或不限专业；本科或大专层次可报；管理岗位，晋升机会；学历要求低；一线管理经验积累","薪资福利未披露；无截止时间；管理职责未明确","","","0.8"
"国聘","2026-07-17","民企","深圳市华美兴泰科技股份有限公司","社招","制造业","初中至大专学历可报！技能人才岗位推荐→","焊锡员","焊接操作","不限专业","深圳","https://mp.weixin.qq.com/s/AjjnZCmYFaIgbVn2NtPAVw","","","是","初中至大专学历","不限","","具备实操能力与职业发展潜力","","","59","medium","专业限制较宽或不限专业；本科或大专层次可报；技能岗位，实操性强；学历要求低；电子制造行业需求","薪资福利未披露；无截止时间；岗位信息不完整","","","0.8"
"国聘","2026-07-17","民企","深圳市华美兴泰科技股份有限公司","社招","制造业","初中至大专学历可报！技能人才岗位推荐→","SMT技术员","SMT技术","不限专业","深圳","https://mp.weixin.qq.com/s/AjjnZCmYFaIgbVn2NtPAVw","","","是","初中至大专学历","不限","","具备实操能力与职业发展潜力","","","59","medium","专业限制较宽或不限专业；本科或大专层次可报；技术岗位，专业性强；学历要求低；SMT行业经验积累","薪资福利未披露；无截止时间；岗位信息不完整","","","0.8"
"国聘","2026-07-17","民企","深圳市盛能杰科技有限公司","社招","制造业","初中至大专学历可报！技能人才岗位推荐→","QC技术员","质量控制","不限专业","深圳","https://mp.weixin.qq.com/s/AjjnZCmYFaIgbVn2NtPAVw","","","是","初中至大专学历","不限","","具备实操能力与职业发展潜力","","","59","medium","专业限制较宽或不限专业；本科或大专层次可报；质量岗位，专业发展；学历要求低；制造业基础岗位","薪资福利未披露；无截止时间；岗位信息不完整","","","0.8"
"国聘","2026-07-17","民企","深圳市盛能杰科技有限公司","社招","制造业","初中至大专学历可报！技能人才岗位推荐→","仓管员","仓库管理","不限专业","深圳","https://mp.weixin.qq.com/s/AjjnZCmYFaIgbVn2NtPAVw","","","是","初中至大专学历","不限","","具备实操能力与职业发展潜力","","","59","medium","专业限制较宽或不限专业；本科或大专层次可报；仓储岗位，稳定；学历要求低；物流行业入门","薪资福利未披露；无截止时间；岗位信息不完整","","","0.8"
"国聘","2026-07-17","民企","深圳市盛能杰科技有限公司","社招","制造业","初中至大专学历可报！技能人才岗位推荐→","一线作业员","生产作业","不限专业","深圳","https://mp.weixin.qq.com/s/AjjnZCmYFaIgbVn2NtPAVw","","","是","初中至大专学历","不限","","具备实操能力与职业发展潜力","","","59","medium","专业限制较宽或不限专业；本科或大专层次可报；一线岗位，门槛低；学历要求低；快速入职","薪资福利未披露；无截止时间；岗位信息不完整","","","0.8"
"国聘","2026-07-17","国企","浙江交工集团股份有限公司","校招","交通基建","校招 | 地方国企招聘信息汇总 7月（第三期）","综合行政岗","综合行政","行政管理、工商管理等相关专业优先","杭州","https://mp.weixin.qq.com/s/Dt5gUUJbuXefKa22g4lGuQ","https://www.iguopin.com","2026-10-13","否","本科及以上","2026届","","","","","86","high","专业高度匹配行政管理；本科或大专层次可报；专业匹配度高；国企稳定；地点杭州","薪资未披露；竞争可能激烈","","国聘官网","0.9"
"国聘","2026-07-17","央企","广岩国际投资有限责任公司","实习","投资","广岩国际投资有限责任公司2027届（暑期）实习生招募公告","财务管理类实习生","财务管理","财务管理、会计学、审计学、税务、金融等相关专业","北京","https://mp.weixin.qq.com/s/Ed6lykAUkLvFC1CxPfaG-g","https://www.iguopin.com","2026-07-20","否","硕士及以上（博士优先）","2027届","","中共党员（含预备党员、发展对象）；每周可实习3天及以上，整体2个月及以上；英文或小语种可作为工作语言；通过CFA、CPA、ACCA、FRM等优先","","实习津贴；食堂餐食；商业意外险","84","high","专业符合管理类方向；学历要求以硕士为主，符合优先级；专业对口，财会金融方向；央企财务实习经历有优势；优秀者可获优先录用","仅面向2027届硕博士；要求中共党员；实习时长至少2个月","","国聘网站搜索'广岩国际投资有限责任公司'投递注有'实习'的岗位","0.95"
"国聘","2026-07-17","事业单位","中国航天空气动力技术研究院","社招","航空航天","国家机关、事业单位招聘信息推荐 7月（第二期）","内部审计","内部审计","审计、财务相关","北京","https://mp.weixin.qq.com/s/ppriNsZu4yE82R09SLXaIQ","https://www.iguopin.com","2026-10-12","是","硕士及以上","3-5年经验","","3-5年经验","","","75","medium","专业符合管理类方向；学历要求以硕士为主，符合优先级；事业单位稳定；硕士学历要求；审计专业对口","要求3-5年经验；薪资未披露","","国聘招聘平台","0.9"
"国聘","2026-07-17","事业单位","中国林业科学研究院木材工业研究","社招","科研","国家机关、事业单位招聘信息推荐 7月（第二期）","财务岗位","财务岗位","财务相关","北京","https://mp.weixin.qq.com/s/ppriNsZu4yE82R09SLXaIQ","https://www.iguopin.com","2026-10-12","是","大专及以上","经验不限","","","","","73","medium","专业符合管理类方向；本科或大专层次可报；事业单位稳定；大专可报；财务专业对口","薪资未披露","","国聘招聘平台","0.9"
"国聘","2026-07-17","党政机关","长沙市天心区卫生健康局","实习","公共服务","国家机关、事业单位招聘信息推荐 7月（第二期）","人事财务岗","人事财务岗","人力资源管理、财务管理等相关","长沙","https://mp.weixin.qq.com/s/ppriNsZu4yE82R09SLXaIQ","https://www.iguopin.com","2026-10-12","否","本科及以上","在校生","","","","","72","medium","专业符合管理类方向；本科或大专层次可报；党政机关实习；本科可报；管理专业对口","实习岗位；薪资未披露","","国聘招聘平台","0.9"
"国聘","2026-07-17","党政机关","长沙市天心区审计局","实习","公共服务","国家机关、事业单位招聘信息推荐 7月（第二期）","审计员","审计员","审计、会计等相关","长沙","https://mp.weixin.qq.com/s/ppriNsZu4yE82R09SLXaIQ","https://www.iguopin.com","2026-10-12","否","本科及以上","在校生","","","","","72","medium","专业符合管理类方向；本科或大专层次可报；党政机关实习；本科可报；审计专业对口","实习岗位；薪资未披露","","国聘招聘平台","0.9"
"国聘","2026-07-17","央企","广岩国际投资有限责任公司","实习","投资","广岩国际投资有限责任公司2027届（暑期）实习生招募公告","法律类实习生","法律","法学相关专业，法学、国际经济法、经济法、商法方向优先","北京","https://mp.weixin.qq.com/s/Ed6lykAUkLvFC1CxPfaG-g","https://www.iguopin.com","2026-07-20","否","硕士及以上（博士优先）","2027届","","中共党员（含预备党员、发展对象）；每周可实习3天及以上，整体2个月及以上；英文或小语种可作为工作语言；已通过法律职业资格考试优先","","实习津贴；食堂餐食；商业意外险","76","high","专业面向文科社科方向；学历要求以硕士为主，符合优先级；专业对口，法律方向明确；央企法务实习经历含金量高；优秀者可获优先录用","仅面向2027届硕博士；要求中共党员；实习时长至少2个月","","国聘网站搜索'广岩国际投资有限责任公司'投递注有'实习'的岗位","0.95"
"国聘","2026-07-17","国企","中地装（无锡）钻探工具有限公司","校招","制造业","校招 | 地方国企招聘信息汇总 7月（第三期）","粉末冶金研发工程师","钻头产品方向","粉末冶金、材料科学等相关专业","无锡","https://mp.weixin.qq.com/s/Dt5gUUJbuXefKa22g4lGuQ","https://www.iguopin.com","2026-10-13","否","硕士及以上","2026届","","","","","74","medium","专业面向文科社科方向；学历要求以硕士为主，符合优先级；研发岗位；硕士学历；专业对口","薪资未披露；专业限制严格","","国聘官网","0.9"
"国聘","2026-07-17","国企","浙江交工集团股份有限公司","校招","交通基建","校招 | 地方国企招聘信息汇总 7月（第三期）","工程管培生","工程管理","土木工程、工程管理等相关专业","杭州","https://mp.weixin.qq.com/s/Dt5gUUJbuXefKa22g4lGuQ","https://www.iguopin.com","2026-10-13","否","硕士及以上","2026届","","","","","74","medium","专业面向文科社科方向；学历要求以硕士为主，符合优先级；管培生发展前景好；硕士学历；国企平台","薪资未披露；专业要求严格","","国聘官网","0.9"
"国聘","2026-07-17","国企","清华大学出版社有限公司","校招","出版","校招 | 地方国企招聘信息汇总 7月（第三期）","期刊编辑（英文科技）","英文科技期刊编辑","理工科专业背景，英语能力强","北京","https://mp.weixin.qq.com/s/Dt5gUUJbuXefKa22g4lGuQ","https://www.iguopin.com","2026-10-13","否","硕士及以上","2026届","","英语能力强","","","74","medium","专业面向文科社科方向；学历要求以硕士为主，符合优先级；清华大学出版社平台好；硕士学历；北京工作","薪资未披露；专业要求理工科，文科生不匹配","","国聘官网","0.9"
"国聘","2026-07-17","国企","清华大学出版社有限公司","校招","出版","校招 | 地方国企招聘信息汇总 7月（第三期）","软件工程师","软件开发","计算机科学与技术、软件工程等相关专业","北京","https://mp.weixin.qq.com/s/Dt5gUUJbuXefKa22g4lGuQ","https://www.iguopin.com","2026-10-13","否","硕士及以上","2026届","","","","","74","medium","专业面向文科社科方向；学历要求以硕士为主，符合优先级；清华大学出版社平台好；硕士学历；北京工作","薪资未披露；专业限制严格","","国聘官网","0.9"
"国聘","2026-07-17","国企","南宁产投铝基新材料集团有限责任公司","校招","新材料","校招 | 地方国企招聘信息汇总 7月（第三期）","储备研发工程师","研发","材料科学与工程、化学等相关专业","南宁","https://mp.weixin.qq.com/s/Dt5gUUJbuXefKa22g4lGuQ","https://www.iguopin.com","2026-10-13","否","硕士及以上","2026届","","","","","74","medium","专业面向文科社科方向；学历要求以硕士为主，符合优先级；研发岗位；硕士学历；国企稳定","薪资未披露；工作地点南宁","","国聘官网","0.9"
"国聘","2026-07-17","国企","南京高科股份有限公司","校招","投资","校招 | 地方国企招聘信息汇总 7月（第三期）","投资经理（生物医药方向）","生物医药投资","生物医药、金融等相关专业","南京","https://mp.weixin.qq.com/s/Dt5gUUJbuXefKa22g4lGuQ","https://www.iguopin.com","2026-10-13","否","硕士及以上","2026届","","","","","74","medium","专业面向文科社科方向；学历要求以硕士为主，符合优先级；投资岗位前景好；硕士学历；南京工作","薪资未披露；专业要求高","","国聘官网","0.9"
"国聘","2026-07-17","国企","南京高科股份有限公司","校招","投资","校招 | 地方国企招聘信息汇总 7月（第三期）","投资经理","投资","金融、经济、财务等相关专业","南京","https://mp.weixin.qq.com/s/Dt5gUUJbuXefKa22g4lGuQ","https://www.iguopin.com","2026-10-13","否","硕士及以上","2026届","","","","","74","medium","专业面向文科社科方向；学历要求以硕士为主，符合优先级；投资岗位前景好；硕士学历；南京工作","薪资未披露；专业要求高","","国聘官网","0.9"
"国聘","2026-07-17","国企","中国工艺品进出口有限公司","校招","贸易","国家机关、事业单位招聘信息推荐 7月（第二期）","法律合规岗","法律合规岗","法律相关","北京","https://mp.weixin.qq.com/s/ppriNsZu4yE82R09SLXaIQ","https://www.iguopin.com","2026-10-12","否","硕士及以上","应届生","","","","","69","medium","专业面向文科社科方向；学历要求以硕士为主，符合优先级；国企稳定；硕士学历要求；法律专业对口","薪资未披露","","国聘招聘平台","0.9"
"国聘","2026-07-17","国企","云锡新材料（东营）有限公司","校招","新材料","校招 | 地方国企招聘信息汇总 7月（第三期）","主控运维","生产运维","化工、机械、自动化等相关专业","东营","https://mp.weixin.qq.com/s/Dt5gUUJbuXefKa22g4lGuQ","https://www.iguopin.com","2026-10-13","否","大专及以上","2026届","","","","","72","medium","专业面向文科社科方向；本科或大专层次可报；大专可报；国企稳定；专业相关","薪资未披露；工作地点东营","","国聘官网","0.9"
"国聘","2026-07-17","国企","什邡市恒安粮油有限公司","校招","粮油","校招 | 地方国企招聘信息汇总 7月（第三期）","市场营销","市场营销","市场营销、工商管理等相关专业","德阳","https://mp.weixin.qq.com/s/Dt5gUUJbuXefKa22g4lGuQ","https://www.iguopin.com","2026-10-13","是","大专及以上","2026届","","未就业应往届毕业生","","","72","medium","专业面向文科社科方向；本科或大专层次可报；往届生可报；大专可报；专业相关","薪资未披露；工作地点德阳","","国聘官网","0.9"
"国聘","2026-07-17","国企","浙江交工集团股份有限公司","校招","交通基建","校招 | 地方国企招聘信息汇总 7月（第三期）","项目合同计量","合同计量","工程管理、工程造价等相关专业","杭州","https://mp.weixin.qq.com/s/Dt5gUUJbuXefKa22g4lGuQ","https://www.iguopin.com","2026-10-13","否","本科及以上","2026届","","","","","70","medium","专业面向文科社科方向；本科或大专层次可报；专业对口；本科可报；国企稳定","薪资未披露；工作地点可能项目现场","","国聘官网","0.9"
"国聘","2026-07-17","国企","浙江交工集团股份有限公司","校招","交通基建","校招 | 地方国企招聘信息汇总 7月（第三期）","项目物资设备","物资设备管理","物流管理、机械工程等相关专业","杭州","https://mp.weixin.qq.com/s/Dt5gUUJbuXefKa22g4lGuQ","https://www.iguopin.com","2026-10-13","否","本科及以上","2026届","","","","","70","medium","专业面向文科社科方向；本科或大专层次可报；专业相关；本科可报；国企稳定","薪资未披露；工作地点可能项目现场","","国聘官网","0.9"
"国聘","2026-07-17","国企","浙江交工集团股份有限公司","校招","交通基建","校招 | 地方国企招聘信息汇总 7月（第三期）","项目工程技术员","工程技术","土木工程、道路桥梁等相关专业","杭州","https://mp.weixin.qq.com/s/Dt5gUUJbuXefKa22g4lGuQ","https://www.iguopin.com","2026-10-13","否","本科及以上","2026届","","","","","70","medium","专业面向文科社科方向；本科或大专层次可报；专业对口；本科可报；国企稳定","薪资未披露；工作地点可能项目现场","","国聘官网","0.9"
"国聘","2026-07-17","国企","浙江交工集团股份有限公司","校招","交通基建","校招 | 地方国企招聘信息汇总 7月（第三期）","项目安全管理","安全管理","安全工程、土木工程等相关专业","杭州","https://mp.weixin.qq.com/s/Dt5gUUJbuXefKa22g4lGuQ","https://www.iguopin.com","2026-10-13","否","本科及以上","2026届","","","","","70","medium","专业面向文科社科方向；本科或大专层次可报；专业相关；本科可报；国企稳定","薪资未披露；工作地点可能项目现场","","国聘官网","0.9"
"国聘","2026-07-17","国企","天津金石智联科技有限公司","校招","科技","校招 | 地方国企招聘信息汇总 7月（第三期）","客户运营","客户运营","市场营销、电子商务等相关专业","天津","https://mp.weixin.qq.com/s/Dt5gUUJbuXefKa22g4lGuQ","https://www.iguopin.com","2026-10-13","否","本科及以上","2026届","","","","","70","medium","专业面向文科社科方向；本科或大专层次可报；专业相关；本科可报；国企稳定","薪资未披露；公司知名度较低","","国聘官网","0.9"
"国聘","2026-07-17","国企","山西电机制造有限公司","校招","制造业","校招 | 地方国企招聘信息汇总 7月（第三期）","产品研发工程师","产品研发","机械工程、电气工程等相关专业","太原","https://mp.weixin.qq.com/s/Dt5gUUJbuXefKa22g4lGuQ","https://www.iguopin.com","2026-10-13","否","本科及以上","2026届","","","","","70","medium","专业面向文科社科方向；本科或大专层次可报；研发岗位；本科可报；国企稳定","薪资未披露；专业限制严格","","国聘官网","0.9"
"国聘","2026-07-17","国企","南宁产投铝基新材料集团有限责任公司","校招","新材料","校招 | 地方国企招聘信息汇总 7月（第三期）","储备机械工程师","机械工程","机械工程、机械设计制造及其自动化等相关专业","南宁","https://mp.weixin.qq.com/s/Dt5gUUJbuXefKa22g4lGuQ","https://www.iguopin.com","2026-10-13","否","本科及以上","2026届","","","","","70","medium","专业面向文科社科方向；本科或大专层次可报；储备岗位有发展；本科可报；国企稳定","薪资未披露；工作地点南宁","","国聘官网","0.9"
"国聘","2026-07-17","国企","南宁产投铝基新材料集团有限责任公司","校招","新材料","校招 | 地方国企招聘信息汇总 7月（第三期）","储备工艺工程师","工艺工程","材料科学与工程、冶金工程等相关专业","南宁","https://mp.weixin.qq.com/s/Dt5gUUJbuXefKa22g4lGuQ","https://www.iguopin.com","2026-10-13","否","本科及以上","2026届","","","","","70","medium","专业面向文科社科方向；本科或大专层次可报；储备岗位有发展；本科可报；国企稳定","薪资未披露；工作地点南宁","","国聘官网","0.9"
"国聘","2026-07-17","国企","南京高科股份有限公司","校招","医药","校招 | 地方国企招聘信息汇总 7月（第三期）","医药研发管培生","医药研发","药学、化学、生物等相关专业","南通","https://mp.weixin.qq.com/s/Dt5gUUJbuXefKa22g4lGuQ","https://www.iguopin.com","2026-10-13","否","本科及以上","2026届","","","","","70","medium","专业面向文科社科方向；本科或大专层次可报；管培生发展前景好；本科可报；国企稳定","薪资未披露；工作地点南通","","国聘官网","0.9"
"国聘","2026-07-17","事业单位","长沙市天心区新闻中心","实习","媒体","国家机关、事业单位招聘信息推荐 7月（第二期）","新媒体编辑","新媒体编辑","新闻传播、中文等相关","长沙","https://mp.weixin.qq.com/s/ppriNsZu4yE82R09SLXaIQ","https://www.iguopin.com","2026-10-12","否","本科及以上","在校生","","","","","64","medium","专业面向文科社科方向；本科或大专层次可报；事业单位实习；本科可报；专业对口","实习岗位；薪资未披露","","国聘招聘平台","0.9"
"国聘","2026-07-17","央企","广岩国际投资有限责任公司","实习","投资","广岩国际投资有限责任公司2027届（暑期）实习生招募公告","职能管理类实习生","办公室综合；人力资源；党群工作","专业不限，经济、管理、金融、人力、心理学、新闻、法学、中共党史等相关专业优先","北京","https://mp.weixin.qq.com/s/Ed6lykAUkLvFC1CxPfaG-g","https://www.iguopin.com","2026-07-20","否","硕士及以上（博士优先）","2027届","","中共党员（含预备党员、发展对象）；每周可实习3天及以上，整体2个月及以上；英文或小语种可作为工作语言","","实习津贴；食堂餐食；商业意外险","72","medium","专业限制较宽或不限专业；学历要求以硕士为主，符合优先级；专业不限，文科社科友好；央企平台，稳定；优秀者可获优先录用","仅面向2027届硕博士；要求中共党员；实习时长至少2个月","","国聘网站搜索'广岩国际投资有限责任公司'投递注有'实习'的岗位","0.95"
"国聘","2026-07-17","央企","广岩国际投资有限责任公司","实习","投资","广岩国际投资有限责任公司2027届（暑期）实习生招募公告","业务类和研究类实习生","战略；投资；投后运营；研究","地质、矿产、冶金、材料、能源、环境、金融、经济、管理、财会、贸易、法律、小语种等相关专业","北京","https://mp.weixin.qq.com/s/Ed6lykAUkLvFC1CxPfaG-g","https://www.iguopin.com","2026-07-20","否","硕士及以上（博士优先）","2027届","","中共党员（含预备党员、发展对象）；每周可实习3天及以上，整体2个月及以上；英文或小语种可作为工作语言","","实习津贴；食堂餐食；商业意外险","70","medium","专业限制较宽或不限专业；学历要求以硕士为主，符合优先级；央企平台，国际化视野；优秀者可获优先录用或直通复试；专业范围广，复合背景优先","仅面向2027届硕博士；要求中共党员；实习时长至少2个月","","国聘网站搜索'广岩国际投资有限责任公司'投递注有'实习'的岗位","0.95"
"国聘","2026-07-17","国企","中新建电力集团有限责任公司","校招","电力","校招 | 地方国企招聘信息汇总 7月（第三期）","纪检专责","纪检","未明确，党员优先","石河子","https://mp.weixin.qq.com/s/Dt5gUUJbuXefKa22g4lGuQ","https://www.iguopin.com","2026-10-13","否","本科及以上","2026届","","党员优先","","","64","medium","专业限制较宽或不限专业；本科或大专层次可报；国企稳定；专业不限；党员优先","薪资未披露；工作地点偏远","","国聘官网","0.9"
"国聘","2026-07-17","央企","中国电子科技集团公司第十五研究所","校招","信息技术","国家机关、事业单位招聘信息推荐 7月（第二期）","规划论证工程师","规划论证工程师(J11160)","计算机、电子、通信等相关","北京","https://mp.weixin.qq.com/s/ppriNsZu4yE82R09SLXaIQ","https://www.iguopin.com","2026-10-12","否","硕士及以上","2026届","","","","","47","low","专业范围尚需核对原文；学历要求以硕士为主，符合优先级；央企稳定；硕士学历要求；2026届校招","薪资未披露","","国聘招聘平台","0.9"
"国聘","2026-07-17","央企","中国电子科技集团公司第十五研究所","校招","信息技术","国家机关、事业单位招聘信息推荐 7月（第二期）","软件开发工程师","软件开发工程师(J11059)","计算机、软件工程等相关","北京","https://mp.weixin.qq.com/s/ppriNsZu4yE82R09SLXaIQ","https://www.iguopin.com","2026-10-12","否","硕士及以上","2026届","","","","","47","low","专业范围尚需核对原文；学历要求以硕士为主，符合优先级；央企稳定；硕士学历要求；2026届校招","薪资未披露","","国聘招聘平台","0.9"
"国聘","2026-07-17","事业单位","中国通用技术研究院","社招","信息技术","国家机关、事业单位招聘信息推荐 7月（第二期）","通信核心网工程师","通信核心网工程师","通信、计算机相关","北京","https://mp.weixin.qq.com/s/ppriNsZu4yE82R09SLXaIQ","https://www.iguopin.com","2026-10-12","是","硕士及以上","经验不限","","","","","47","low","专业范围尚需核对原文；学历要求以硕士为主，符合优先级；事业单位稳定；硕士学历要求；技术岗位","薪资未披露；经验不限但可能要求高","","国聘招聘平台","0.8"
"国聘","2026-07-17","党政机关","中共长沙市天心区委宣传部","实习","公共服务","国家机关、事业单位招聘信息推荐 7月（第二期）","办公室助理","办公室助理","未明确","长沙","https://mp.weixin.qq.com/s/ppriNsZu4yE82R09SLXaIQ","https://www.iguopin.com","2026-10-12","否","本科及以上","在校生","","","","","42","low","专业范围尚需核对原文；本科或大专层次可报；党政机关实习；本科可报；长沙工作","实习岗位；薪资未披露","","国聘招聘平台","0.9"
"国聘","2026-07-17","党政机关","中共长沙市天心区委统一战线工作部","实习","公共服务","国家机关、事业单位招聘信息推荐 7月（第二期）","文秘","文秘","未明确","长沙","https://mp.weixin.qq.com/s/ppriNsZu4yE82R09SLXaIQ","https://www.iguopin.com","2026-10-12","否","本科及以上","在校生","","","","","42","low","专业范围尚需核对原文；本科或大专层次可报；党政机关实习；本科可报；长沙工作","实习岗位；薪资未披露","","国聘招聘平台","0.9"
"国聘","2026-07-17","事业单位","长沙知识产权保护中心","实习","知识产权","国家机关、事业单位招聘信息推荐 7月（第二期）","预审确权","预审确权","未明确","长沙","https://mp.weixin.qq.com/s/ppriNsZu4yE82R09SLXaIQ","https://www.iguopin.com","2026-10-12","否","本科及以上","在校生","","","","","42","low","专业范围尚需核对原文；本科或大专层次可报；事业单位实习；本科可报；长沙工作","实习岗位；薪资未披露","","国聘招聘平台","0.9"
"国聘","2026-07-17","党政机关","长沙市天心区市场监督管理局","实习","公共服务","国家机关、事业单位招聘信息推荐 7月（第二期）","餐饮服务安全协管","餐饮服务安全协管","未明确","长沙","https://mp.weixin.qq.com/s/ppriNsZu4yE82R09SLXaIQ","https://www.iguopin.com","2026-10-12","否","本科及以上","在校生","","","","","42","low","专业范围尚需核对原文；本科或大专层次可报；党政机关实习；本科可报；长沙工作","实习岗位；薪资未披露","","国聘招聘平台","0.9"
"国聘","2026-07-17","党政机关","长沙市天心区市场监督管理局","实习","公共服务","国家机关、事业单位招聘信息推荐 7月（第二期）","知识产权协管","知识产权协管","未明确","长沙","https://mp.weixin.qq.com/s/ppriNsZu4yE82R09SLXaIQ","https://www.iguopin.com","2026-10-12","否","本科及以上","在校生","","","","","42","low","专业范围尚需核对原文；本科或大专层次可报；党政机关实习；本科可报；长沙工作","实习岗位；薪资未披露","","国聘招聘平台","0.9"
"国聘","2026-07-17","党政机关","长沙市天心区商务局","实习","公共服务","国家机关、事业单位招聘信息推荐 7月（第二期）","实习生","实习生","未明确","长沙","https://mp.weixin.qq.com/s/ppriNsZu4yE82R09SLXaIQ","https://www.iguopin.com","2026-10-12","否","本科及以上","在校生","","","","","42","low","专业范围尚需核对原文；本科或大专层次可报；党政机关实习；本科可报；长沙工作","实习岗位；薪资未披露","","国聘招聘平台","0.9"
"国聘","2026-07-17","党政机关","长沙市天心区人民政府","实习","公共服务","国家机关、事业单位招聘信息推荐 7月（第二期）","禁毒宣传策划","禁毒宣传策划","未明确","长沙","https://mp.weixin.qq.com/s/ppriNsZu4yE82R09SLXaIQ","https://www.iguopin.com","2026-10-12","否","本科及以上","在校生","","","","","42","low","专业范围尚需核对原文；本科或大专层次可报；党政机关实习；本科可报；长沙工作","实习岗位；薪资未披露","","国聘招聘平台","0.9"
"国聘","2026-07-17","事业单位","中化地质矿山总局新疆地质调查院","校招","地质勘查","国家机关、事业单位招聘信息推荐 7月（第二期）","专业技术岗","援疆找矿大会战管委会-专业技术岗","未明确，推测地质相关","喀什","https://mp.weixin.qq.com/s/ppriNsZu4yE82R09SLXaIQ","https://www.iguopin.com","2026-10-12","否","本科及以上","应届生","","","","","42","low","专业范围尚需核对原文；本科或大专层次可报；事业单位稳定；应届生可投；专业对口可能性高","专业要求未明确；薪资未披露","","国聘招聘平台","0.8"
"国聘","2026-07-17","事业单位","中化地质矿山总局江苏地质勘查院","校招","地质勘查","国家机关、事业单位招聘信息推荐 7月（第二期）","地质工程师","地质工程师","未明确，推测地质相关","徐州","https://mp.weixin.qq.com/s/ppriNsZu4yE82R09SLXaIQ","https://www.iguopin.com","2026-10-12","否","本科及以上","应届生","","","","","42","low","专业范围尚需核对原文；本科或大专层次可报；事业单位稳定；应届生可投","专业要求未明确；薪资未披露","","国聘招聘平台","0.8"
"国聘","2026-07-17","事业单位","中国科学院人才交流开发中心","社招","科研服务","国家机关、事业单位招聘信息推荐 7月（第二期）","仪器管理员","仪器管理员岗位（国家动物标本资源库）","未明确","北京","https://mp.weixin.qq.com/s/ppriNsZu4yE82R09SLXaIQ","https://www.iguopin.com","2026-10-12","是","本科及以上","经验不限","","","","","42","low","专业范围尚需核对原文；本科或大专层次可报；事业单位稳定；经验不限；北京工作","专业要求未明确；薪资未披露","","国聘招聘平台","0.8"
"国聘","2026-07-17","事业单位","中国工程院战略咨询中心","社招","政策研究","国家机关、事业单位招聘信息推荐 7月（第二期）","项目助理","信息领域项目助理；农业领域项目助理","未明确，推测相关领域","北京","https://mp.weixin.qq.com/s/ppriNsZu4yE82R09SLXaIQ","https://www.iguopin.com","2026-10-12","是","本科及以上","经验不限","","","","","42","low","专业范围尚需核对原文；本科或大专层次可报；事业单位稳定；经验不限；北京工作","专业要求未明确；薪资未披露","","国聘招聘平台","0.8"
"北航就业","2026-07-17","央企","航天科技集团五院遥感卫星总体部","实习","航天","实习 | 航天科技集团五院遥感卫星总体部 | 2027届暑期实习招募全面启动","暑期实习生","遥感卫星总体","理工类相关专业","北京海淀航天城","https://mp.weixin.qq.com/s/Y8tsVV6MNENi2k5xLdqtiQ","","","否","硕士及以上学历","2027届","","2027届应届毕业生；硕士及以上学历；理工类相关专业","","","63","medium","专业限制较宽或不限专业；学历要求以硕士为主，符合优先级；央企平台，航天领域头部单位；暑期实习，提前接触行业；北京海淀航天城，地理位置优越","专业要求理工类，文科生不匹配；薪资福利未披露；仅面向2027届，往届生不可投递","","","0.9"
"北航就业","2026-07-17","央企","中国兵器工业导航与控制技术研究所","校招","军工","招聘 | 中国兵器工业导航与控制技术研究所 | 2027届提前批","研发岗","导航制导与控制；电子；计算机","导航制导与控制、电子、计算机等相关专业","北京","https://mp.weixin.qq.com/s/YJE78fgRxF664Q_GmhKguA","","","否","硕士及以上学历","2027届","","2027届应届毕业生","","","63","medium","专业限制较宽或不限专业；学历要求以硕士为主，符合优先级；央企平台稳定；提前批机会；专业对口","薪资未披露；仅限2027届；专业限制较窄","","","0.9"
"北航就业","2026-07-17","央企","中智集团产业研究院","博士后","人力资源服务","招聘 | 中智集团总部产业研究院 | 2026年博士后招聘公告","博士后研究人员","产业与政策研究","未明确限定专业，但研究方向为产业与政策，适合经济学、管理学、社会学等相关专业","北京","https://mp.weixin.qq.com/s/wCzbGwnm0BGWrWAbDuJz5A","","2026-07-31","是","博士研究生学历，2026年取得博士学位或获得博士学位不超过3年","2026届","","具有良好的政治素质和道德修养，遵纪守法，无不良记录，身体健康；于2026年取得博士学位的博士研究生，或获得博士学位不超过3年；诚实守信，品学兼优，具有良好的敬业精神、科研素养、沟通合作能力；具备全职在中智集团从事博士后研究工作的条件","","有竞争力的薪酬；社会保险；住房公积金；可办理在京户口；出站优先留用","35","low","专业限制较宽或不限专业；硬性要求博士，按偏好后置；央企平台，提供有竞争力的薪酬和福利；可办理在京户口；出站后优先留用，职业发展前景好","硬性博士要求，与你的学历排序偏好不符；硬性要求博士学历，门槛高；专业未明确限定，但研究方向偏产业政策，对专业匹配度要求较高；仅招收1-2名，竞争激烈","1-2","邮件提交材料至grouphr@ciic.com.cn","0.95"
"清华就业","2026-07-17","央企","航天智能院","校招","航空航天","招聘｜航天智能院2027届校园招聘正式启动","科研技术岗","飞行器设计；人工智能；计算机科学与技术；控制工程；电子信息；力学；材料科学；机械工程","航空航天、计算机、人工智能、控制、电子、力学、材料、机械等相关专业","北京","https://mp.weixin.qq.com/s/xo7gNkytyWHoKimdDhumLA","https://wecruit.hotjob.cn/SU62f6a1e20dcad43c7e0b0e1d/mc/position/campus?projectId=103001","","否","硕士及以上学历","2027届","","2027届应届毕业生；硕士及以上学历","","北京户口；六险二金；补充医疗保险；员工食堂；人才公寓；带薪休假；节日福利；年度体检；子女入学","75","medium","专业限制较宽或不限专业；学历要求以硕士为主，符合优先级；央企平台，稳定性高；提供北京户口；福利待遇优厚，六险二金；专业对口度高","仅面向2027届应届生，往届生不可投递；学历要求硕士起步，本科不可投递；未披露具体薪资；岗位方向未明确细分","","网申","0.9"
"清华就业","2026-07-17","央企","航空工业成都飞机工业（集团）有限责任公司","校招","航空航天","开放日｜航空工业成飞2026年暑期开放日","暑期开放日（提前批招聘）","航空工业相关岗位","专业不限，但优先航空航天、机械、电子、计算机等相关专业","成都","https://mp.weixin.qq.com/s/dRgqMrCM0dmnbjH2Z0_clg","https://mp.weixin.qq.com/s/dRgqMrCM0dmnbjH2Z0_clg","","否","硕士及以上学历","2027届","","2027届硕博士；需通过简历筛选","","提前批招聘机会","70","medium","专业限制较宽或不限专业；学历要求以硕士为主，符合优先级；央企平台，行业领先；提前批招聘，机会优先；面向硕博士，学历匹配度高","薪资未披露；专业要求宽泛，竞争可能激烈；仅限2027届，往届生不可投","","通过公众号链接报名","0.8"
"国企求职网","2026-07-17","事业单位","各地民政局、统计局、生态环境局、财政局、地震局、教育局、工信局、交通运输局、审计局、卫健局、发改局等","社招","公共服务","2026年度面向社会公开招录事业编制人员公告（170人），7月18日前报名！","事业编制人员","综合管理；专业技术","专业不限","全国","https://mp.weixin.qq.com/s/W8ul82VeClGthHRN-8CEeg","","2026-07-18T22:00:00","是","大专及以上学历","不限","","年龄18-38周岁；无犯罪记录；具有招聘岗位所需的学历、专业或技能条件（职（执）业资格及岗位要求的其他条件）","13w+","六险二金；年终奖金；工会福利；13薪；考核奖；评比奖；值班加班费；公休假补贴；话补；餐补；车补；房补","67","medium","专业限制较宽或不限专业；本科或大专层次可报；事业编制，工作稳定；专业不限，门槛低；薪资福利较好，综合到手13w+；全国多地有岗位","岗位具体信息不明确，需通过公众号获取；报名方式非直接网申，流程不透明；名额有限，按提交顺序审核，可能额满即止","170","通过公众号回复报名","0.8"
"北大就业","2026-07-17","央企","天翼云","校招","云计算/信息技术","招聘 | 天翼云顶尖青年技术人才校园招聘项目开启","顶尖青年技术人才","技术研发","计算机、软件工程等相关专业","未披露","https://mp.weixin.qq.com/s/gJti0W66ijRbdr3nRIdTMw","https://mp.weixin.qq.com/s/gJti0W66ijRbdr3nRIdTMw","","否","硕士及以上学历","2027届","","顶尖青年技术人才，具体条件未披露","","未披露","70","medium","专业限制较宽或不限专业；学历要求以硕士为主，符合优先级；央企背景，稳定性高；云计算行业前景好；面向顶尖人才，发展空间大","具体岗位信息不明确；薪资福利未披露；专业限制较窄","","点击阅读原文报名","0.7"
"央企求职网","2026-07-17","未披露","详见原文","","未披露","中核集团2026年度夏季校园招聘","中核集团2026年度夏季校园招聘","","管理、行政、人力资源、会计、财务、不限专业","","https://mp.weixin.qq.com/s/h8keZoxLPYjwb5pgLzbgbw","","","未明确","bachelor_associate","未明确","","","","","70","medium","专业符合管理类方向；本科或大专层次可报；命中专业关键词：管理、行政、人力资源、会计、财务、不限专业","当前为规则降级结果，岗位细节需 DeepSeek 重新分析","","","0.58"
"国资小新","2026-07-17","央企","中复神鹰碳纤维股份有限公司","社招","新材料","【社招】中复神鹰碳纤维股份有限公司招聘公告","行政专员","行政管理","行政管理、文秘等相关专业","连云港","https://mp.weixin.qq.com/s/snD7Q23tcv7HNfHvNpQA4A","","","是","本科及以上","往届","","详见二维码","","五险一金；住宿；餐厅；通勤车；培训；文体活动","93","high","专业高度匹配行政管理；本科或大专层次可报；行政管理专业最匹配；央企行政岗；福利好","未披露具体薪资；本科即可，硕士无优势","2","扫码投递简历或邮箱hr@zfsycf.com.cn","0.9"
"国资小新","2026-07-17","央企","中复神鹰碳纤维股份有限公司","社招","新材料","【社招】中复神鹰碳纤维股份有限公司招聘公告","人才及培训主管","人力资源管理","管理类，人力资源管理专业优先","连云港","https://mp.weixin.qq.com/s/snD7Q23tcv7HNfHvNpQA4A","","","是","本科及以上","往届","","详见二维码","","五险一金；住宿；餐厅；通勤车；培训；文体活动","83","high","专业符合管理类方向；本科或大专层次可报；管理类专业可报；央企HR岗；福利好","未披露具体薪资；仅招1人；本科即可，硕士无优势","1","扫码投递简历或邮箱hr@zfsycf.com.cn","0.9"
"国资小新","2026-07-17","央企","中复神鹰碳纤维股份有限公司","社招","新材料","【社招】中复神鹰碳纤维股份有限公司招聘公告","业务经理","业务销售","材料类、工商管理类","连云港","https://mp.weixin.qq.com/s/snD7Q23tcv7HNfHvNpQA4A","","","是","本科及以上","往届","","详见二维码","","五险一金；住宿；餐厅；通勤车；培训；文体活动","83","high","专业符合管理类方向；本科或大专层次可报；管理类可报；招聘人数较多；央企业务岗","未披露具体薪资；本科即可，硕士无优势","7","扫码投递简历或邮箱hr@zfsycf.com.cn","0.9"
"国资小新","2026-07-17","央企","中复神鹰碳纤维股份有限公司","社招","新材料","【社招】中复神鹰碳纤维股份有限公司招聘公告","外贸主管","外贸业务","外国语言文学类、经济与贸易类","连云港","https://mp.weixin.qq.com/s/snD7Q23tcv7HNfHvNpQA4A","","","是","本科及以上","往届","","详见二维码","","五险一金；住宿；餐厅；通勤车；培训；文体活动","75","medium","专业面向文科社科方向；本科或大专层次可报；文科社科可报；央企外贸岗；福利好","未披露具体薪资；仅招1人；专业限制较窄","1","扫码投递简历或邮箱hr@zfsycf.com.cn","0.9"
"国资小新","2026-07-17","央企","中复神鹰碳纤维股份有限公司","社招","新材料","【社招】中复神鹰碳纤维股份有限公司招聘公告","焊工","焊接操作","不限","连云港","https://mp.weixin.qq.com/s/snD7Q23tcv7HNfHvNpQA4A","","","是","中专及以上","往届","","详见二维码","","五险一金；住宿；餐厅；通勤车；培训；文体活动","71","medium","专业限制较宽或不限专业；本科或大专层次可报；不限专业；学历要求低；央企稳定","未披露具体薪资；仅招1人；技能要求高","1","扫码投递简历或邮箱hr@zfsycf.com.cn","0.9"
"国资小新","2026-07-17","央企","中复神鹰碳纤维股份有限公司","社招","新材料","【社招】中复神鹰碳纤维股份有限公司招聘公告","操作工","生产操作","不限","连云港","https://mp.weixin.qq.com/s/snD7Q23tcv7HNfHvNpQA4A","","","是","初中及以上学历，高中（中专）及以上学历优先","往届","","详见二维码","","五险一金；住宿；餐厅；通勤车；培训；文体活动","71","medium","专业限制较宽或不限专业；本科或大专层次可报；不限专业；学历要求极低；招聘人数多；央企稳定","未披露具体薪资；体力劳动","30","扫码投递简历或邮箱hr@zfsycf.com.cn","0.9"
"国资小新","2026-07-17","央企","中复神鹰碳纤维股份有限公司","社招","新材料","【社招】中复神鹰碳纤维股份有限公司招聘公告","战略管理专员","战略管理","理工科、经济金融类相关专业，材料、纺织、化工、经济学、金融学等专业优先","连云港","https://mp.weixin.qq.com/s/snD7Q23tcv7HNfHvNpQA4A","","","是","本科及以上","往届","","详见二维码","","五险一金；住宿；餐厅；通勤车；培训；文体活动","69","medium","专业限制较宽或不限专业；本科或大专层次可报；专业范围广；央企战略岗；福利好","未披露具体薪资；仅招1人；本科即可，硕士无优势","1","扫码投递简历或邮箱hr@zfsycf.com.cn","0.9"
"国资小新","2026-07-17","央企","中复神鹰碳纤维股份有限公司","社招","新材料","【社招】中复神鹰碳纤维股份有限公司招聘公告","生产管培生","生产管理","理工科相关专业，材料、化学、化工、机械、电气、安全工程、环境工程专业优先","连云港","https://mp.weixin.qq.com/s/snD7Q23tcv7HNfHvNpQA4A","","","是","本科及以上","往届","","详见二维码","","五险一金；住宿；餐厅；通勤车；培训；文体活动","69","medium","专业限制较宽或不限专业；本科或大专层次可报；专业范围广；招聘人数较多；管培生项目","未披露具体薪资；本科即可，硕士无优势","5","扫码投递简历或邮箱hr@zfsycf.com.cn","0.9"
"国资小新","2026-07-17","央企","中复神鹰碳纤维股份有限公司","社招","新材料","【社招】中复神鹰碳纤维股份有限公司招聘公告","研发工程师","研发","化学类、化工类、高分子类、纺织类、材料类","连云港","https://mp.weixin.qq.com/s/snD7Q23tcv7HNfHvNpQA4A","","","是","硕士研究生","往届","","详见二维码","","五险一金；住宿；餐厅；通勤车；培训；文体活动","39","low","专业匹配度较低；学历要求以硕士为主，符合优先级；硕士岗位，学历匹配；央企研发岗；福利好","未发现行政管理、管理类或文科专业入口；专业限制严格；未披露具体薪资；仅招1人","1","扫码投递简历或邮箱hr@zfsycf.com.cn","0.9"
"国资小新","2026-07-17","央企","中复神鹰碳纤维股份有限公司","社招","新材料","【社招】中复神鹰碳纤维股份有限公司招聘公告","环保主管","环保管理","环境工程类、化工类","连云港","https://mp.weixin.qq.com/s/snD7Q23tcv7HNfHvNpQA4A","","","是","硕士研究生及以上","往届","","详见二维码","","五险一金；住宿；餐厅；通勤车；培训；文体活动","39","low","专业匹配度较低；学历要求以硕士为主，符合优先级；硕士岗位；央企环保岗；福利好","未发现行政管理、管理类或文科专业入口；专业限制严格；未披露具体薪资；仅招1人","1","扫码投递简历或邮箱hr@zfsycf.com.cn","0.9"
"国资小新","2026-07-17","央企","中复神鹰碳纤维股份有限公司","社招","新材料","【社招】中复神鹰碳纤维股份有限公司招聘公告","质量总监","质量管理","化工类、纺织类、材料类","连云港","https://mp.weixin.qq.com/s/snD7Q23tcv7HNfHvNpQA4A","","","是","本科及以上","往届","","详见二维码","","五险一金；住宿；餐厅；通勤车；培训；文体活动","35","low","专业匹配度较低；本科或大专层次可报；央企背景，世界500强旗下；薪酬福利较好；行业发展前景好","未发现行政管理、管理类或文科专业入口；专业限制严格，非理工科不可；学历要求本科，硕士无优势；未披露具体薪资","1","扫码投递简历或邮箱hr@zfsycf.com.cn","0.9"
"国资小新","2026-07-17","央企","中复神鹰碳纤维股份有限公司","社招","新材料","【社招】中复神鹰碳纤维股份有限公司招聘公告","投资主管","投资管理","金融类、投资类、材料类","连云港","https://mp.weixin.qq.com/s/snD7Q23tcv7HNfHvNpQA4A","","","是","本科及以上","往届","","详见二维码","","五险一金；住宿；餐厅；通勤车；培训；文体活动","35","low","专业匹配度较低；本科或大专层次可报；金融投资类专业可报；央企投资岗；福利好","未发现行政管理、管理类或文科专业入口；专业限制较窄；未披露具体薪资；仅招1人","1","扫码投递简历或邮箱hr@zfsycf.com.cn","0.9"
"国资小新","2026-07-17","央企","中复神鹰碳纤维股份有限公司","社招","新材料","【社招】中复神鹰碳纤维股份有限公司招聘公告","资产及项目管理会计","财务管理","财务类","连云港","https://mp.weixin.qq.com/s/snD7Q23tcv7HNfHvNpQA4A","","","是","本科及以上","往届","","详见二维码","","五险一金；住宿；餐厅；通勤车；培训；文体活动","35","low","专业匹配度较低；本科或大专层次可报；财务专业对口；央企财务岗；福利好","未发现行政管理、管理类或文科专业入口；未披露具体薪资；仅招1人；本科即可","1","扫码投递简历或邮箱hr@zfsycf.com.cn","0.9"
"国资小新","2026-07-17","央企","中复神鹰碳纤维股份有限公司","社招","新材料","【社招】中复神鹰碳纤维股份有限公司招聘公告","管理会计","财务管理","财务类","连云港","https://mp.weixin.qq.com/s/snD7Q23tcv7HNfHvNpQA4A","","","是","本科及以上","往届","","详见二维码","","五险一金；住宿；餐厅；通勤车；培训；文体活动","35","low","专业匹配度较低；本科或大专层次可报；财务专业对口；央企财务岗；福利好","未发现行政管理、管理类或文科专业入口；未披露具体薪资；仅招1人；本科即可","1","扫码投递简历或邮箱hr@zfsycf.com.cn","0.9"
"国资小新","2026-07-17","央企","中复神鹰碳纤维股份有限公司","社招","新材料","【社招】中复神鹰碳纤维股份有限公司招聘公告","往来会计","财务管理","财务类","连云港","https://mp.weixin.qq.com/s/snD7Q23tcv7HNfHvNpQA4A","","","是","本科及以上","往届","","详见二维码","","五险一金；住宿；餐厅；通勤车；培训；文体活动","35","low","专业匹配度较低；本科或大专层次可报；财务专业对口；央企财务岗；福利好","未发现行政管理、管理类或文科专业入口；未披露具体薪资；仅招1人；本科即可","1","扫码投递简历或邮箱hr@zfsycf.com.cn","0.9"
"国资小新","2026-07-17","央企","中复神鹰碳纤维股份有限公司","社招","新材料","【社招】中复神鹰碳纤维股份有限公司招聘公告","企划管培生","企划","材料类","连云港","https://mp.weixin.qq.com/s/snD7Q23tcv7HNfHvNpQA4A","","","是","本科","往届","","详见二维码","","五险一金；住宿；餐厅；通勤车；培训；文体活动","34","low","专业匹配度较低；本科或大专层次可报；管培生项目；央企平台；福利好","未发现行政管理、管理类或文科专业入口；专业限制严格；未披露具体薪资；仅本科","2","扫码投递简历或邮箱hr@zfsycf.com.cn","0.9"
"国资小新","2026-07-17","央企","中复神鹰碳纤维股份有限公司","社招","新材料","【社招】中复神鹰碳纤维股份有限公司招聘公告","科研助理（技术员）","科研辅助","材料类、化学类、化工类、高分子类、机械类","连云港","https://mp.weixin.qq.com/s/snD7Q23tcv7HNfHvNpQA4A","","","是","本科","往届","","详见二维码","","五险一金；住宿；餐厅；通勤车；培训；文体活动","34","low","专业匹配度较低；本科或大专层次可报；理工科可报；央企科研岗；福利好","未发现行政管理、管理类或文科专业入口；专业限制严格；未披露具体薪资；仅本科","1","扫码投递简历或邮箱hr@zfsycf.com.cn","0.9"
"国资小新","2026-07-17","央企","中复神鹰碳纤维股份有限公司","社招","新材料","【社招】中复神鹰碳纤维股份有限公司招聘公告","高级研发工程师","研发","化学类、化工类、高分子类、纺织类、材料类","连云港","https://mp.weixin.qq.com/s/snD7Q23tcv7HNfHvNpQA4A","","","是","博士研究生","往届","","详见二维码","","五险一金；住宿；餐厅；通勤车；培训；文体活动","18","low","专业匹配度较低；硬性要求博士，按偏好后置；博士岗位，专业对口度高；央企研发岗，前景好；福利待遇优厚","硬性博士要求，与你的学历排序偏好不符；未发现行政管理、管理类或文科专业入口；硬性博士，门槛高；专业限制严格；未披露具体薪资","1","扫码投递简历或邮箱hr@zfsycf.com.cn","0.9"
"国企求职网","2026-07-17","事业单位","各地民政局、统计局、生态环境局、财政局、地震局、教育局、工信局、交通运输局、审计局、卫健局、发改局等","社招","公共服务","工资8500-12500(含6险2金+双休)事业单位公开招录125名办公室人员！各乡镇街道均有名额！7月17日报名！大专可报！可入编！","办公室人员","综合行政","专业不限","全国各乡镇街道","https://mp.weixin.qq.com/s/cla1jU9pqyQRZw-Lm03Iaw","","2026-07-18T22:00:00","是","大专及以上学历","不限","","年龄18-38周岁；无重大违法犯罪记录；具有中华人民共和国国籍；遵守宪法和法律，具有良好的品行","8500-12500元/月","六险二金；双休；法定节假日全休；带薪年假；年终奖金；13薪；工会福利；餐补；车补；房补","69","medium","专业限制较宽或不限专业；本科或大专层次可报；事业单位编制，工作稳定；大专可报，专业不限，门槛低；薪资福利优厚，六险二金；全国多地有岗位，选择多","报名方式不透明，需通过公众号回复获取；岗位具体职责未明确；竞争情况未披露，可能存在不确定性","125","通过公众号回复获取报名详情","0.8"
"国企求职网","2026-07-17","党政机关","国家邮政局所属在京单位","校招；社招","公共服务","国家邮政局2026年度公开招聘公告！","未明确（详见附件）","未明确","未明确，参考教育部专业目录","北京","https://mp.weixin.qq.com/s/jvjDVn_Z2fTMj3zrLvE7GQ","https://www.sydwgkzp.cn/mohrss","2026-07-25 18:00","是","未明确，但应届生需取得学历学位证书，社会人员需已取得毕业证学位证","2026届","","年龄不超过38周岁（1987年7月1日后出生）；具有北京市常住户口或符合在京落户要求；政治立场坚定；不得有不得参加公开招聘的情形","","","36","low","专业范围尚需核对原文；学历要求未明确，需进一步核实；事业单位，稳定性高；位于北京，地理位置优越；面向应届生和社会人员，范围广","岗位具体信息未披露，专业要求不明确；竞争比例可能较高（5:1）；年龄限制38岁，部分人群受限","3","网上报名","0.7"
"五财一贸","2026-07-16","国企","国金证券","实习","金融","实习 | 国泰海通+峻海资本+国金证券+华金证券","食饮组实习生","行业研究","金融、经济等专业优先","上海浦东新区花木路或远程","https://mp.weixin.qq.com/s/y7dkeZxfBGf69mUoii6saQ","mailto:dundunchander@126.com","","否","985/211院校优先，研究生或准研究生","2027年及以后毕业研究生或准研究生","","每周4天及以上，至少3个月；有行研或券商、咨询实习经历优先","","实习工资；实习证明；饭补（线下）；1V1指导；研究框架培训","86","high","专业符合管理类方向；学历要求以硕士为主，符合优先级；实习工资和证明，线下有饭补；1V1指导，系统培训；专业对口（金融经济）","实习期至少3个月，每周4天，时间要求较高；未披露具体薪资；仅限研究生或准研究生","","邮箱投递","0.9"
"五财一贸","2026-07-16","央企","中粮集团有限公司","社招","农粮食品","社招 | 中粮集团有限公司公开招聘公告","薪酬考核和人工成本管理岗","薪酬考核；人工成本管理","财务会计、人力资源等相关专业","北京市朝阳区","https://mp.weixin.qq.com/s/bjkK10IyxyQGPSQjLc3jOQ","","2026-07-24","是","全日制大学本科及以上学历","往届","","政治立场坚定，政治敏感性强，中共党员优先；2年以上财务会计、薪酬激励等相关工作经验；具有较强的语言沟通和组织协调能力；具有扎实的文字功底，能够熟练撰写常用公文；具有基本的英语听说读写能力；能熟练使用办公软件及管理信息系统，具有较强的数据处理和分析能力","","","72","medium","专业符合管理类方向；本科或大专层次可报；央企平台，稳定性高；岗位与人力资源/财务专业匹配度高；工作地点在北京朝阳，地理位置优越","薪资福利未披露；要求2年以上工作经验，应届生不可投；仅招聘1人，竞争可能激烈","1","邮箱投递","0.95"
"五财一贸","2026-07-16","民企","腾讯","校招","互联网","秋招 | 腾讯2027青云计划校招启动及薪资待遇（附秋招汇总表及经验交流群）","青云计划-算法岗","大模型；多模态","计算机、人工智能等相关专业","深圳；北京","https://mp.weixin.qq.com/s/QgWXcE_u6DvdUTDuhlxDZw","","","否","硕士及以上","2027届","","2027届应届毕业生","65k*16薪（硕士）","股票激励；签字费；三重导师体系；开源资源支持；全球交流机会","75","medium","专业限制较宽或不限专业；学历要求以硕士为主，符合优先级；薪资待遇极高；聚焦前沿技术；导师体系完善；全球交流机会","学历要求高；竞争激烈；未披露具体截止时间","","","0.9"
"五财一贸","2026-07-16","民企","腾讯","实习","互联网","秋招 | 腾讯2027青云计划校招启动及薪资待遇（附秋招汇总表及经验交流群）","青云计划-实习生","大模型；多模态","计算机、人工智能等相关专业","深圳；北京","https://mp.weixin.qq.com/s/QgWXcE_u6DvdUTDuhlxDZw","","","否","未明确，推测硕士及以上","2027届","","2027届应届毕业生","日薪最高5500元","上不封顶","75","medium","专业限制较宽或不限专业；学历要求以硕士为主，符合优先级；薪酬极高；实习转正机会；前沿技术","学历要求高；未明确具体专业；未披露截止时间","","","0.8"
"五财一贸","2026-07-16","国企","国泰海通研究所","实习","金融","实习 | 国泰海通+峻海资本+国金证券+华金证券","公用事业组实习生","行业研究","具有相关背景，会编程优先","上海（可远程）","https://mp.weixin.qq.com/s/y7dkeZxfBGf69mUoii6saQ","mailto:htzq_gysy@126.com","2025-07-18","否","985/211在读研究生","2027届及以后","","一周3天以上，3个月及以上，7月下旬入职；对AI工具感兴趣，会编程优先；985/211院校；熟练使用office、choice、wind、ifind；通过CFA或CPA部分科目者优先","","正式实习；校招重点推荐","70","medium","专业限制较宽或不限专业；学历要求以硕士为主，符合优先级；正式实习，表现优异可获校招推荐；可远程，时间灵活；涉及AI工具应用，前沿方向","实习期较长（3个月以上）；专业要求宽泛，竞争可能激烈；未披露薪资","2","邮箱投递","0.9"
"五财一贸","2026-07-16","央企","华能核能技术研究院有限公司","社招","核电技术研发","社招 | 华能核能技术研究院有限公司2026年社会招聘公告","专业技术人才","核电技术研发与设计；厂址开发与工程管理；核安全保障；全寿期技术支持","专业对口或相关专业工作经历","上海市浦东新区","https://mp.weixin.qq.com/s/VnliQmK9-UixBjtGd1v3yQ","https://zhaopin.chng.com.cn","2026-08-07","是","未明确最低学历，但要求中级及以上职称，一般需本科以上","不限","","至少3年相关专业工作经验；中级及以上职称；年龄不超过45周岁；遵纪守法，认同华能企业文化；无犯罪、开除、违纪等不良记录；近3年年度考核称职及以上","","五险一金","65","medium","专业限制较宽或不限专业；本科或大专层次可报；央企平台，稳定且有发展前景；位于上海，地理位置优越；涉及前沿核电技术，专业性强","未明确具体薪资，薪酬竞争力未知；要求3年以上经验及中级职称，门槛较高；不解决配偶工作及子女入学问题；岗位为专业方向，职级待定","","登录中国华能人力资源市场网站报名","0.9"
"五财一贸","2026-07-16","国企","华金证券研究所","实习","金融","实习 | 国泰海通+峻海资本+国金证券+华金证券","电子组正式实习生","行业研究","不限专业，有卖方实习经验优先","上海市浦东新区杨高南路759号陆家嘴世纪金融广场（可远程）","https://mp.weixin.qq.com/s/y7dkeZxfBGf69mUoii6saQ","mailto:xiongjun@huajinsc.cn","","否","本硕211/QS前100，大四及以上","大四及以上全日制在校生（大四需已保研/拿到offer）","","本硕211/QS前100；大四需已保研/拿到研究生offer；会使用choice、wind、同花顺；每周3天以上，实习3个月以上","","线下补贴","63","medium","专业限制较宽或不限专业；本科或大专层次可报；线下有补贴；可远程；学历门槛明确","未披露薪资具体数额；实习期较长；专业不限，竞争可能激烈","","邮箱投递","0.9"
"五财一贸","2026-07-16","民企","峻海资本","实习","金融","实习 | 国泰海通+峻海资本+国金证券+华金证券","行研支持岗实习生","FA行业研究","有投资机构/FA实习经验者优先","上海（可远程）","https://mp.weixin.qq.com/s/y7dkeZxfBGf69mUoii6saQ","mailto:hr@earthskycap.com","","未明确","未明确学历要求","未明确","","至少实习4个月；有投资机构/FA实习或行业分析经验者优先","100元/天","实习薪资100元/天；满3个月调薪；团队聚餐；留用机会（1-2名）","63","medium","专业限制较宽或不限专业；学历要求未明确，需进一步核实；有留用机会；实习薪资明确且可调薪；接触前沿科技领域","学历要求未明确，可能竞争激烈；实习期至少4个月；未明确毕业届别","2","邮箱投递","0.9"
"五财一贸","2026-07-16","民企","峻海资本","实习","金融","实习 | 国泰海通+峻海资本+国金证券+华金证券","IR支持岗实习生","投资者关系","具备IR经验者优先","上海（可远程）","https://mp.weixin.qq.com/s/y7dkeZxfBGf69mUoii6saQ","mailto:hr@earthskycap.com","","未明确","未明确学历要求","未明确","","至少实习4个月；具备IR经验者优先","100元/天","实习薪资100元/天；满3个月调薪；团队聚餐；留用机会（1-2名）","63","medium","专业限制较宽或不限专业；学历要求未明确，需进一步核实；有留用机会；实习薪资明确且可调薪；适合沟通能力强的学生","学历要求未明确；实习期至少4个月；未明确毕业届别","1","邮箱投递","0.9"
"五财一贸","2026-07-16","民企","诺安基金","社招","金融","社招 | 诺安基金最新社会招聘","行业研究员-半导体方向","半导体行业研究","微电子、材料科学、应用物理等相关专业","未披露","https://mp.weixin.qq.com/s/RBDO0eEExE5w80vzhJBoyg","https://app.mokahr.com/m/social-recruitment/lionfund/42543#/job/67ec3eba-85b8-49a2-bbbb-c1cd19d29dc0","","是","硕士及以上学历","未披露","","5年以上卖方首席分析师或买方资深研究员从业经验；精通金融科技工具应用，擅长财务建模与估值分析；拥有丰富的半导体产业资源积累","","","28","low","专业匹配度较低；学历要求以硕士为主，符合优先级；专业对口要求高，适合半导体背景人才；岗位为买方研究员，发展前景好；诺安基金为知名公募，平台优质","未发现行政管理、管理类或文科专业入口；要求5年以上经验，门槛高；专业限制严格，非相关专业无法投递；薪资未披露，不确定性大","","网申","0.9"
"北大就业","2026-07-16","民企","百度","校招","互联网","招聘｜百度2027届校园招聘","职能类岗位","人力资源；财务；法务；行政；市场；公关","人力资源、财务、法律、行政管理、市场营销等相关专业","北京；上海；深圳；广州；成都；杭州；武汉；西安；南京；厦门；重庆；长沙","https://mp.weixin.qq.com/s/-Bl-Z3nxibaV-nW2C2Irpw","https://talent.baidu.com","","否","本科及以上学历","2027届","","2027届应届毕业生","","","81","high","专业高度匹配行政管理；本科或大专层次可报；职能岗位专业匹配度高，适合行政管理等文科社科学生；百度平台稳定，福利完善；工作地点选择多","薪资福利未披露；仅面向2027届应届生；职能岗位竞争可能激烈","","网申","0.7"
"北大就业","2026-07-16","民企","百度","校招","互联网","招聘｜百度2027届校园招聘","产品类岗位","产品经理；产品运营；商业产品；用户产品；数据产品","专业不限","北京；上海；深圳；广州；成都；杭州；武汉；西安；南京；厦门；重庆；长沙","https://mp.weixin.qq.com/s/-Bl-Z3nxibaV-nW2C2Irpw","https://talent.baidu.com","","否","本科及以上学历","2027届","","2027届应届毕业生","","","59","medium","专业限制较宽或不限专业；本科或大专层次可报；产品岗位专业不限，适合文科社科背景学生；百度产品线丰富，成长空间大；工作地点选择多","薪资福利未披露；仅面向2027届应届生；竞争激烈","","网申","0.7"
"北大就业","2026-07-16","民企","百度","校招","互联网","招聘｜百度2027届校园招聘","技术类岗位","C++/PHP/GO；Web前端；机器学习；数据挖掘；安全；测试开发；移动软件；基础平台；数据库；运维；硬件；芯片设计","计算机、软件、通信、电子等相关专业","北京；上海；深圳；广州；成都；杭州；武汉；西安；南京；厦门；重庆；长沙","https://mp.weixin.qq.com/s/-Bl-Z3nxibaV-nW2C2Irpw","https://talent.baidu.com","","否","本科及以上学历","2027届","","2027届应届毕业生","","","58","medium","专业限制较宽或不限专业；本科或大专层次可报；百度作为互联网头部企业，平台大，发展前景好；技术岗位方向丰富，适合计算机相关专业学生；工作地点覆盖全国多个城市","薪资福利未披露；专业要求较窄，仅限理工科；仅面向2027届应届生，往届生不可投递","","网申","0.7"
"北大就业","2026-07-16","民企","百度","校招","互联网","招聘｜百度2027届校园招聘","设计类岗位","视觉设计；交互设计；用户研究；工业设计","设计、美术等相关专业","北京；上海；深圳；广州；成都；杭州；武汉；西安；南京；厦门；重庆；长沙","https://mp.weixin.qq.com/s/-Bl-Z3nxibaV-nW2C2Irpw","https://talent.baidu.com","","否","本科及以上学历","2027届","","2027届应届毕业生","","","58","medium","专业限制较宽或不限专业；本科或大专层次可报；设计岗位专业对口，适合设计类学生；百度品牌影响力大；工作地点覆盖广","薪资福利未披露；仅面向2027届应届生；专业限制较窄","","网申","0.7"
"国聘","2026-07-16","国企","北京资产管理有限公司","社招","金融","社招 | 地方国企招聘信息汇总 7月（第二期）","党群工作部（人力资源部）总经理岗","党群工作；人力资源","管理类、政治类等相关","北京","https://mp.weixin.qq.com/s/uG4NycPSYOHBCiJMphUzkA","https://www.iguopin.com","2026-10-13","是","硕士及以上","往届","","10-15年工作经验","","","86","high","专业高度匹配行政管理；学历要求以硕士为主，符合优先级；国企；北京；硕士岗位；行政管理方向","薪资未披露；经验要求极高","","国聘招聘平台","0.9"
"国聘","2026-07-16","外企","珠海横琴路坦信息服务有限公司","实习","信息技术","外资合资企业招聘信息推荐 7月（第三期）","行政实习生","行政","未明确，但行政岗位通常适合行政管理等文科专业","珠海","https://mp.weixin.qq.com/s/GJJqbV8IyCV8yfdXsSIBbw","https://www.iguopin.com","2026-10-22","否","本科及以上","在校生","","在校生","","","86","high","专业高度匹配行政管理；本科或大专层次可报；专业匹配度高；实习岗位门槛低；外资企业国际化环境","薪资未披露；仅限在校生","","国聘官网","0.9"
"国聘","2026-07-16","外企","正大饲料（石门）有限公司","校招","农业","外资合资企业招聘信息推荐 7月（第三期）","行政职能岗","行政","未明确，适合行政管理、管理类","常德","https://mp.weixin.qq.com/s/GJJqbV8IyCV8yfdXsSIBbw","https://www.iguopin.com","2026-10-22","否","本科及以上","应届生","","应届生","","","85","high","专业高度匹配行政管理；本科或大专层次可报；专业匹配度高；应届生岗位；外资企业","薪资未披露；仅限应届生","","国聘官网","0.9"
"国聘","2026-07-16","央企","中水珠江规划勘测设计有限公司","社招","水利水电","央企名企广东省岗位推荐 7月（第一期）","环境影响评价","环境影响评价","环境工程相关","广州","https://mp.weixin.qq.com/s/ritNEo7PrVg5xGucqLs9ig","https://www.iguopin.com","","是","硕士及以上","未明确","","经验不限","","","83","high","专业符合管理类方向；学历要求以硕士为主，符合优先级；央企背景；硕士学历；地点广州","薪资未披露","","国聘平台","0.9"
"国聘","2026-07-16","国企","北京资产管理有限公司","社招","金融","社招 | 地方国企招聘信息汇总 7月（第二期）","个贷业务岗","个贷业务","金融、经济、法律等相关","北京","https://mp.weixin.qq.com/s/uG4NycPSYOHBCiJMphUzkA","https://www.iguopin.com","2026-10-13","是","硕士及以上","往届","","1-3年工作经验","","","80","high","专业符合管理类方向；学历要求以硕士为主，符合优先级；国企；北京；硕士岗位","薪资未披露","","国聘招聘平台","0.9"
"国聘","2026-07-16","国企","北京资产管理有限公司","社招","金融","社招 | 地方国企招聘信息汇总 7月（第二期）","对公业务岗","对公业务","金融、经济、法律等相关","北京","https://mp.weixin.qq.com/s/uG4NycPSYOHBCiJMphUzkA","https://www.iguopin.com","2026-10-13","是","硕士及以上","往届","","5-10年工作经验","","","80","high","专业符合管理类方向；学历要求以硕士为主，符合优先级；国企；北京；硕士岗位","薪资未披露；经验要求高","","国聘招聘平台","0.9"
"国聘","2026-07-16","国企","北京资产管理有限公司","社招","金融","社招 | 地方国企招聘信息汇总 7月（第二期）","人力资源岗","人力资源","人力资源管理、劳动与社会保障等相关","北京","https://mp.weixin.qq.com/s/uG4NycPSYOHBCiJMphUzkA","https://www.iguopin.com","2026-10-13","是","硕士及以上","往届","","5-10年工作经验","","","80","high","专业符合管理类方向；学历要求以硕士为主，符合优先级；国企；北京；硕士岗位；人力资源方向","薪资未披露；经验要求高","","国聘招聘平台","0.9"
"国聘","2026-07-16","央企","中国旅游集团有限公司","校招","旅游","央企名企广东省岗位推荐 7月（第一期）","信息化管理岗","信息化管理","计算机、信息化相关","深圳","https://mp.weixin.qq.com/s/ritNEo7PrVg5xGucqLs9ig","https://www.iguopin.com","","否","本科及以上","应届生","","应届生","","","80","high","专业符合管理类方向；本科或大专层次可报；央企背景；地点深圳；应届生可投","薪资未披露","","国聘平台","0.9"
"国聘","2026-07-16","央企","中国旅游集团有限公司","校招","旅游","央企名企广东省岗位推荐 7月（第一期）","出纳岗","出纳","财务、会计相关","深圳","https://mp.weixin.qq.com/s/ritNEo7PrVg5xGucqLs9ig","https://www.iguopin.com","","否","本科及以上","应届生","","应届生","","","80","high","专业符合管理类方向；本科或大专层次可报；央企背景；地点深圳；应届生可投","薪资未披露","","国聘平台","0.9"
"国聘","2026-07-16","央企","中水珠江规划勘测设计有限公司","社招","水利水电","央企名企广东省岗位推荐 7月（第一期）","工程管理（劳务派遣）","工程管理","工程管理相关","广州","https://mp.weixin.qq.com/s/ritNEo7PrVg5xGucqLs9ig","https://www.iguopin.com","","是","本科及以上","未明确","","经验不限；劳务派遣","","","78","high","专业符合管理类方向；本科或大专层次可报；央企背景；地点广州；经验不限","劳务派遣；薪资未披露","","国聘平台","0.9"
"国聘","2026-07-16","央企","中水珠江规划勘测设计有限公司","社招","水利水电","央企名企广东省岗位推荐 7月（第一期）","水工设计及设代","水工设计","水利工程相关","广州","https://mp.weixin.qq.com/s/ritNEo7PrVg5xGucqLs9ig","https://www.iguopin.com","","是","本科及以上","未明确","","经验不限","","","78","high","专业符合管理类方向；本科或大专层次可报；央企背景；地点广州；经验不限","薪资未披露","","国聘平台","0.9"
"国聘","2026-07-16","央企","中水珠江规划勘测设计有限公司","社招","水利水电","央企名企广东省岗位推荐 7月（第一期）","造价咨询（劳务派遣）","造价咨询","工程造价相关","广州","https://mp.weixin.qq.com/s/ritNEo7PrVg5xGucqLs9ig","https://www.iguopin.com","","是","本科及以上","未明确","","经验不限；劳务派遣","","","78","high","专业符合管理类方向；本科或大专层次可报；央企背景；地点广州；经验不限","劳务派遣；薪资未披露","","国聘平台","0.9"
"国聘","2026-07-16","央企","中水珠江规划勘测设计有限公司","社招","水利水电","央企名企广东省岗位推荐 7月（第一期）","水运设计（劳务派遣）","水运设计","水运工程相关","广州","https://mp.weixin.qq.com/s/ritNEo7PrVg5xGucqLs9ig","https://www.iguopin.com","","是","本科及以上","未明确","","经验不限；劳务派遣","","","78","high","专业符合管理类方向；本科或大专层次可报；央企背景；地点广州；经验不限","劳务派遣；薪资未披露","","国聘平台","0.9"
"国聘","2026-07-16","央企","中水珠江规划勘测设计有限公司","社招","水利水电","央企名企广东省岗位推荐 7月（第一期）","道路桥梁设计","道路桥梁设计","道路桥梁相关","广州","https://mp.weixin.qq.com/s/ritNEo7PrVg5xGucqLs9ig","https://www.iguopin.com","","是","本科及以上","未明确","","经验不限","","","78","high","专业符合管理类方向；本科或大专层次可报；央企背景；地点广州；经验不限","薪资未披露","","国聘平台","0.9"
"国聘","2026-07-16","央企","中水珠江规划勘测设计有限公司","社招","水利水电","央企名企广东省岗位推荐 7月（第一期）","水工设计","水工设计","水利工程相关","广州","https://mp.weixin.qq.com/s/ritNEo7PrVg5xGucqLs9ig","https://www.iguopin.com","","是","本科及以上","未明确","","经验不限","","","78","high","专业符合管理类方向；本科或大专层次可报；央企背景；地点广州；经验不限","薪资未披露","","国聘平台","0.9"
"国聘","2026-07-16","央企","中国建筑材料工业地质勘查中心广东总队","社招","地质勘查","央企名企广东省岗位推荐 7月（第一期）","专业技术人员","专业技术","地质、材料相关","广州","https://mp.weixin.qq.com/s/ritNEo7PrVg5xGucqLs9ig","https://www.iguopin.com","","是","本科及以上","未明确","","经验不限","","","78","high","专业符合管理类方向；本科或大专层次可报；央企背景；地点广州；经验不限","薪资未披露","","国聘平台","0.9"
"国聘","2026-07-16","央企","中国建筑材料工业地质勘查中心广东总队","社招","地质勘查","央企名企广东省岗位推荐 7月（第一期）","财会岗","财会","财务、会计相关","广州","https://mp.weixin.qq.com/s/ritNEo7PrVg5xGucqLs9ig","https://www.iguopin.com","","是","本科及以上","未明确","","经验不限","","","78","high","专业符合管理类方向；本科或大专层次可报；央企背景；地点广州；经验不限","薪资未披露","","国聘平台","0.9"
"国聘","2026-07-16","国企","中粮佳悦（天津）有限公司","社招","食品","外资合资企业招聘信息推荐 7月（第三期）","财务部会计","会计","未明确，适合会计、财务管理专业","天津","https://mp.weixin.qq.com/s/GJJqbV8IyCV8yfdXsSIBbw","https://www.iguopin.com","2026-10-22","是","本科及以上","不限","","1年以内经验","","","78","high","专业符合管理类方向；本科或大专层次可报；国企稳定；财务岗位；经验要求低","薪资未披露","","国聘官网","0.9"
"国聘","2026-07-16","国企","中粮佳悦（天津）有限公司","社招","食品","外资合资企业招聘信息推荐 7月（第三期）","粕类产品销售部业务员","销售","未明确，适合市场营销、管理类","天津","https://mp.weixin.qq.com/s/GJJqbV8IyCV8yfdXsSIBbw","https://www.iguopin.com","2026-10-22","是","本科及以上","不限","","1年以内经验","","","78","high","专业符合管理类方向；本科或大专层次可报；国企稳定；销售岗位；经验要求低","薪资未披露","","国聘官网","0.9"
"国聘","2026-07-16","央企","中海物业管理有限公司","社招","物业管理","央企名企广东省岗位推荐 7月（第一期）","集团总部预算经理","预算管理","财务、预算相关","深圳","https://mp.weixin.qq.com/s/ritNEo7PrVg5xGucqLs9ig","https://www.iguopin.com","","是","本科及以上","未明确","","5-10年经验","","","77","high","专业符合管理类方向；本科或大专层次可报；央企背景；地点深圳；管理岗位","经验要求高；薪资未披露","","国聘平台","0.9"
"国聘","2026-07-16","国企","北京外航服务有限责任公司","社招","航空服务","社招 | 地方国企招聘信息汇总 7月（第二期）","财务出纳岗","财务出纳","财务相关","北京","https://mp.weixin.qq.com/s/uG4NycPSYOHBCiJMphUzkA","https://www.iguopin.com","2026-10-13","是","本科及以上","往届","","1-3年工作经验","","","77","high","专业符合管理类方向；本科或大专层次可报；国企；北京；财务岗位","薪资未披露","","国聘招聘平台","0.9"
"国聘","2026-07-16","国企","广州白云建科控股集团有限公司","社招","建筑","社招 | 地方国企招聘信息汇总 7月（第二期）","白云建科-审计","审计","审计、会计等相关","广州","https://mp.weixin.qq.com/s/uG4NycPSYOHBCiJMphUzkA","https://www.iguopin.com","2026-10-13","是","本科及以上","往届","","3-5年工作经验","","","77","high","专业符合管理类方向；本科或大专层次可报；国企；广州；审计岗位","薪资未披露","","国聘招聘平台","0.9"
"国聘","2026-07-16","外企","珠海横琴路坦信息服务有限公司","社招","信息技术","外资合资企业招聘信息推荐 7月（第三期）","呼叫中心主管","呼叫中心管理","未明确，适合管理类、文科类","珠海","https://mp.weixin.qq.com/s/GJJqbV8IyCV8yfdXsSIBbw","https://www.iguopin.com","2026-10-22","是","大专及以上","不限","","3-5年经验","","","77","high","专业符合管理类方向；本科或大专层次可报；管理岗位；大专可报；外资企业","薪资未披露；要求经验","","国聘官网","0.9"
"国聘","2026-07-16","国企","中粮面业营销管理（厦门）有限公司","社招","食品","外资合资企业招聘信息推荐 7月（第三期）","市场专员","市场营销","未明确，适合市场营销、管理类","厦门","https://mp.weixin.qq.com/s/GJJqbV8IyCV8yfdXsSIBbw","https://www.iguopin.com","2026-10-22","是","本科及以上","不限","","1-3年经验","","","77","high","专业符合管理类方向；本科或大专层次可报；国企稳定；市场岗位；厦门工作","薪资未披露；要求经验","","国聘官网","0.9"
"国聘","2026-07-16","国企","中粮面业营销管理（厦门）有限公司","社招","食品","外资合资企业招聘信息推荐 7月（第三期）","市场部主管","市场管理","未明确，适合市场营销、管理类","厦门","https://mp.weixin.qq.com/s/GJJqbV8IyCV8yfdXsSIBbw","https://www.iguopin.com","2026-10-22","是","本科及以上","不限","","1-3年经验","","","77","high","专业符合管理类方向；本科或大专层次可报；管理岗位；国企；厦门","薪资未披露；要求经验","","国聘官网","0.9"
"国聘","2026-07-16","外企","正大饲料（石门）有限公司","校招","农业","外资合资企业招聘信息推荐 7月（第三期）","销售服务代表","销售","未明确，适合市场营销、管理类","常德","https://mp.weixin.qq.com/s/GJJqbV8IyCV8yfdXsSIBbw","https://www.iguopin.com","2026-10-22","否","本科及以上","应届生","","应届生","","","77","high","专业符合管理类方向；本科或大专层次可报；应届生岗位；外资企业；销售方向","薪资未披露；仅限应届生","","国聘官网","0.9"
"国聘","2026-07-16","外企","正大（海南）农牧有限公司","社招","农业","外资合资企业招聘信息推荐 7月（第三期）","饲料生产储备干部","生产管理","未明确，适合管理类、农业类","澄迈","https://mp.weixin.qq.com/s/GJJqbV8IyCV8yfdXsSIBbw","https://www.iguopin.com","2026-10-22","是","大专及以上","不限","","1-5年经验","","","77","high","专业符合管理类方向；本科或大专层次可报；储备干部；大专可报；外资企业","薪资未披露；要求经验","","国聘官网","0.9"
"国聘","2026-07-16","国企","光明食品（集团）有限公司","社招","食品","社招 | 地方国企招聘信息汇总 7月（第二期）","财务共享中心运营服务组运营支持专员","财务共享","财务、会计等相关","上海","https://mp.weixin.qq.com/s/uG4NycPSYOHBCiJMphUzkA","https://www.iguopin.com","2026-10-13","是","本科及以上","往届","","5-10年工作经验","","","75","medium","专业符合管理类方向；本科或大专层次可报；国企；上海；财务岗位","薪资未披露；经验要求高","","国聘招聘平台","0.9"
"国聘","2026-07-16","国企","光明食品（集团）有限公司","社招","食品","社招 | 地方国企招聘信息汇总 7月（第二期）","财务共享中心运营服务组负责人","财务共享管理","财务、会计等相关","上海","https://mp.weixin.qq.com/s/uG4NycPSYOHBCiJMphUzkA","https://www.iguopin.com","2026-10-13","是","本科及以上","往届","","5-10年工作经验","","","75","medium","专业符合管理类方向；本科或大专层次可报；国企；上海；管理岗位","薪资未披露；经验要求高","","国聘招聘平台","0.9"
"国聘","2026-07-16","合资","中法合营王朝葡萄酿酒有限公司","社招","食品","外资合资企业招聘信息推荐 7月（第三期）","销售经理（天津）","销售管理","未明确，适合市场营销、管理类","天津","https://mp.weixin.qq.com/s/GJJqbV8IyCV8yfdXsSIBbw","https://www.iguopin.com","2026-10-22","是","大专及以上","不限","","5-10年经验","","","75","medium","专业符合管理类方向；本科或大专层次可报；管理岗位；合资企业；大专可报","薪资未披露；经验要求高","","国聘官网","0.9"
"国聘","2026-07-16","国企","北京股权交易中心有限公司","社招","金融","社招 | 地方国企招聘信息汇总 7月（第二期）","法律合规岗","法律合规","法律相关","北京","https://mp.weixin.qq.com/s/uG4NycPSYOHBCiJMphUzkA","https://www.iguopin.com","2026-10-13","是","硕士及以上","往届","","5-10年工作经验","","","72","medium","专业面向文科社科方向；学历要求以硕士为主，符合优先级；国企；北京；硕士岗位","薪资未披露；经验要求高","","国聘招聘平台","0.9"
"国聘","2026-07-16","国企","中粮面粉（德州）有限公司","社招","食品","外资合资企业招聘信息推荐 7月（第三期）","法务绩效专员","法务","必须持证上岗，适合法学专业","德州","https://mp.weixin.qq.com/s/GJJqbV8IyCV8yfdXsSIBbw","https://www.iguopin.com","2026-10-22","是","本科及以上","不限","","必须持证上岗；3-5年经验","","","67","medium","专业面向文科社科方向；本科或大专层次可报；专业对口；国企稳定；法务岗位","薪资未披露；要求持证和经验","","国聘官网","0.9"
"国聘","2026-07-16","事业单位","天府绛溪实验室","校招","科研","天府绛溪实验室2026年第二批招聘公告","科研岗位","前沿研究中心；技术研发","理工科相关专业","成都","https://mp.weixin.qq.com/s/nxqnl6EpHkMBa8S9f9y8ig","https://mp.weixin.qq.com/s/nxqnl6EpHkMBa8S9f9y8ig","","否","硕士及以上学历","2026届","","2026届应届毕业生","","五险一金","70","medium","专业限制较宽或不限专业；学历要求以硕士为主，符合优先级；事业单位稳定；科研平台好；硕士起报","薪资未披露；专业限制较窄；仅限应届","","点击阅读原文进入报名页面","0.8"
"国聘","2026-07-16","央企","中汇人寿保险股份有限公司","校招","金融保险","央企名企广东省岗位推荐 7月（第一期）","综合柜员岗","综合柜员","不限专业","广州","https://mp.weixin.qq.com/s/ritNEo7PrVg5xGucqLs9ig","https://www.iguopin.com","","否","本科及以上","应届生","","应届生","","","66","medium","专业限制较宽或不限专业；本科或大专层次可报；央企背景；地点广州；应届生可投；专业不限","薪资未披露","","国聘平台","0.9"
"国聘","2026-07-16","外企","珠海横琴路坦信息服务有限公司","社招","信息技术","外资合资企业招聘信息推荐 7月（第三期）","呼叫中心客服文员","客服","未明确，专业不限","珠海","https://mp.weixin.qq.com/s/GJJqbV8IyCV8yfdXsSIBbw","https://www.iguopin.com","2026-10-22","是","大专及以上","不限","","经验不限","","","66","medium","专业限制较宽或不限专业；本科或大专层次可报；门槛低；大专可报；经验不限","薪资未披露；客服岗位发展有限","","国聘官网","0.9"
"国聘","2026-07-16","民企","珠海横琴壹澳科技有限公司","社招","服务业","央企名企广东省岗位推荐 7月（第一期）","前台客服","客服","不限专业","珠海","https://mp.weixin.qq.com/s/ritNEo7PrVg5xGucqLs9ig","https://www.iguopin.com","","是","大专及以上","未明确","","经验不限","","","64","medium","专业限制较宽或不限专业；本科或大专层次可报；地点珠海；学历要求低；经验不限","薪资未披露；企业规模较小","","国聘平台","0.9"
"国聘","2026-07-16","民企","珠海横琴路坦信息服务有限公司","实习","信息技术","央企名企广东省岗位推荐 7月（第一期）","行政实习生","行政","不限专业","珠海","https://mp.weixin.qq.com/s/ritNEo7PrVg5xGucqLs9ig","https://www.iguopin.com","","否","本科及以上","在校生","","在校生","","","64","medium","专业限制较宽或不限专业；本科或大专层次可报；实习机会；地点珠海；专业不限","薪资未披露；仅限在校生","","国聘平台","0.9"
"国聘","2026-07-16","央企","中水珠江规划勘测设计有限公司","社招","水利水电","央企名企广东省岗位推荐 7月（第一期）","征地移民（劳务派遣）","征地移民","相关专业","广州","https://mp.weixin.qq.com/s/ritNEo7PrVg5xGucqLs9ig","https://www.iguopin.com","","是","本科及以上","未明确","","经验不限；劳务派遣","","","64","medium","专业限制较宽或不限专业；本科或大专层次可报；央企背景；地点广州；经验不限","劳务派遣；薪资未披露","","国聘平台","0.9"
"国聘","2026-07-16","央企","中航证券有限公司","实习","金融证券","央企名企广东省岗位推荐 7月（第一期）","实习生","证券实习","不限专业","广州","https://mp.weixin.qq.com/s/ritNEo7PrVg5xGucqLs9ig","https://www.iguopin.com","","否","本科及以上","在校生","","在校生","","","64","medium","专业限制较宽或不限专业；本科或大专层次可报；央企背景；地点广州；专业不限","仅限在校生；薪资未披露","","国聘平台","0.9"
"国聘","2026-07-16","国企","北京地铁置业有限公司","社招","房地产","社招 | 地方国企招聘信息汇总 7月（第二期）","管理会计岗","管理会计","未明确","北京","https://mp.weixin.qq.com/s/uG4NycPSYOHBCiJMphUzkA","https://www.iguopin.com","2026-10-13","是","大专及以上","往届","","经验不限","","","64","medium","专业限制较宽或不限专业；本科或大专层次可报；国企；北京；经验不限","薪资未披露；专业要求不明确","","国聘招聘平台","0.9"
"国聘","2026-07-16","国企","北京外企人力资源服务有限公司海淀分公司","社招","人力资源服务","社招 | 地方国企招聘信息汇总 7月（第二期）","国企驻场人事服务岗","人事服务","未明确","北京","https://mp.weixin.qq.com/s/uG4NycPSYOHBCiJMphUzkA","https://www.iguopin.com","2026-10-13","是","本科及以上","往届","","经验不限","","","64","medium","专业限制较宽或不限专业；本科或大专层次可报；国企；北京；经验不限","薪资未披露；专业要求不明确","","国聘招聘平台","0.9"
"国聘","2026-07-16","国企","广东交通实业投资有限公司","社招","交通","社招 | 地方国企招聘信息汇总 7月（第二期）","公司直属单位工程技术岗","工程技术","工程类相关","广东","https://mp.weixin.qq.com/s/uG4NycPSYOHBCiJMphUzkA","https://www.iguopin.com","2026-10-13","是","本科及以上","往届","","经验不限","","","64","medium","专业限制较宽或不限专业；本科或大专层次可报；国企；广东；经验不限","薪资未披露","","国聘招聘平台","0.9"
"国聘","2026-07-16","外企","珠海横琴路坦信息服务有限公司","实习","信息技术","外资合资企业招聘信息推荐 7月（第三期）","电子商务实习生-视频剪辑","视频剪辑","未明确，适合传媒、设计等相关专业","珠海","https://mp.weixin.qq.com/s/GJJqbV8IyCV8yfdXsSIBbw","https://www.iguopin.com","2026-10-22","否","本科及以上","在校生","","在校生","","","64","medium","专业限制较宽或不限专业；本科或大专层次可报；实习机会；外资企业；技能型岗位","薪资未披露；仅限在校生","","国聘官网","0.9"
"国聘","2026-07-16","外企","珠海横琴路坦信息服务有限公司","实习","信息技术","外资合资企业招聘信息推荐 7月（第三期）","电子商务实习生-文案运营","文案运营","未明确，适合中文、新闻、市场营销等专业","珠海","https://mp.weixin.qq.com/s/GJJqbV8IyCV8yfdXsSIBbw","https://www.iguopin.com","2026-10-22","否","本科及以上","在校生","","在校生","","","64","medium","专业限制较宽或不限专业；本科或大专层次可报；实习机会；外资企业；文案方向","薪资未披露；仅限在校生","","国聘官网","0.9"
"国聘","2026-07-16","民企","长沙世界之窗有限公司","实习","旅游","外资合资企业招聘信息推荐 7月（第三期）","服务岗（检票员、导游员、服务员、导购员、收银员、游乐设备操作员）","服务","未明确，专业不限","长沙","https://mp.weixin.qq.com/s/GJJqbV8IyCV8yfdXsSIBbw","https://www.iguopin.com","2026-10-22","否","大专及以上","在校生","","在校生","","","64","medium","专业限制较宽或不限专业；本科或大专层次可报；实习机会；大专可报；专业不限","薪资未披露；仅限在校生","","国聘官网","0.9"
"国聘","2026-07-16","央企","中资环新源劲吾科技（北京）有限公司","社招","能源电力","央企名企广东省岗位推荐 7月（第一期）","综合管理岗","综合管理","不限专业","深圳","https://mp.weixin.qq.com/s/ritNEo7PrVg5xGucqLs9ig","https://www.iguopin.com","","是","本科及以上","未明确","","5-10年经验","","","63","medium","专业限制较宽或不限专业；本科或大专层次可报；央企背景；地点深圳；专业不限","经验要求高；薪资未披露","","国聘平台","0.9"
"国聘","2026-07-16","央企","中国检验认证集团广东有限公司湛江分公司","社招","检验认证","央企名企广东省岗位推荐 7月（第一期）","客户服务岗","客户服务","不限专业","湛江","https://mp.weixin.qq.com/s/ritNEo7PrVg5xGucqLs9ig","https://www.iguopin.com","","是","本科及以上","未明确","","3-5年经验","","","63","medium","专业限制较宽或不限专业；本科或大专层次可报；央企背景；地点湛江；专业不限","经验要求；薪资未披露","","国聘平台","0.9"
"国聘","2026-07-16","国企","安徽江汽物流有限公司","社招","物流","社招 | 地方国企招聘信息汇总 7月（第二期）","市场&运营专员","市场运营","英语听说读写流利","合肥","https://mp.weixin.qq.com/s/uG4NycPSYOHBCiJMphUzkA","https://www.iguopin.com","2026-10-13","是","本科及以上","往届","","3-5年工作经验","","","63","medium","专业限制较宽或不限专业；本科或大专层次可报；国企稳定；地点合肥；英语要求明确","薪资未披露；经验要求3-5年","","国聘招聘平台","0.9"
"国聘","2026-07-16","国企","北京玻钢院复合材料有限公司","社招","复合材料","社招 | 地方国企招聘信息汇总 7月（第二期）","标准化技术员","标准化","未明确","北京","https://mp.weixin.qq.com/s/uG4NycPSYOHBCiJMphUzkA","https://www.iguopin.com","2026-10-13","是","本科及以上","往届","","3-5年工作经验","","","63","medium","专业限制较宽或不限专业；本科或大专层次可报；国企；北京工作","薪资未披露；专业要求不明确","","国聘招聘平台","0.9"
"国聘","2026-07-16","国企","北京国际大数据交易有限公司","社招","大数据","社招 | 地方国企招聘信息汇总 7月（第二期）","业务拓展岗","解决方案方向；数据供应商合作方向","未明确","北京","https://mp.weixin.qq.com/s/uG4NycPSYOHBCiJMphUzkA","https://www.iguopin.com","2026-10-13","是","本科及以上","往届","","3-5年或5-10年工作经验","","","63","medium","专业限制较宽或不限专业；本科或大专层次可报；国企；北京；大数据行业","薪资未披露；专业要求不明确","","国聘招聘平台","0.9"
"国聘","2026-07-16","国企","北京外企人力资源服务有限公司海淀分公司","社招","人力资源服务","社招 | 地方国企招聘信息汇总 7月（第二期）","人力资源业务代表（销售）","销售","未明确","北京","https://mp.weixin.qq.com/s/uG4NycPSYOHBCiJMphUzkA","https://www.iguopin.com","2026-10-13","是","本科及以上","往届","","3-5年工作经验","","","63","medium","专业限制较宽或不限专业；本科或大专层次可报；国企；北京","薪资未披露；专业要求不明确","","国聘招聘平台","0.9"
"国聘","2026-07-16","国企","东方电子股份有限公司","社招","电力电子","社招 | 地方国企招聘信息汇总 7月（第二期）","电力电子硬件工程师","硬件研发","电力电子、电气工程等相关","烟台","https://mp.weixin.qq.com/s/uG4NycPSYOHBCiJMphUzkA","https://www.iguopin.com","2026-10-13","是","本科及以上","往届","","1-3年工作经验","","","63","medium","专业限制较宽或不限专业；本科或大专层次可报；国企；烟台；技术岗位","薪资未披露","","国聘招聘平台","0.9"
"国聘","2026-07-16","国企","东方电子股份有限公司","社招","电力电子","社招 | 地方国企招聘信息汇总 7月（第二期）","电力电子研发工程师","研发","电力电子、电气工程等相关","烟台","https://mp.weixin.qq.com/s/uG4NycPSYOHBCiJMphUzkA","https://www.iguopin.com","2026-10-13","是","本科及以上","往届","","1-3年工作经验","","","63","medium","专业限制较宽或不限专业；本科或大专层次可报；国企；烟台；技术岗位","薪资未披露","","国聘招聘平台","0.9"
"国聘","2026-07-16","国企","广州白云山中一药业有限公司","社招","医药","社招 | 地方国企招聘信息汇总 7月（第二期）","网络管理岗","网络管理","计算机、网络等相关","广州","https://mp.weixin.qq.com/s/uG4NycPSYOHBCiJMphUzkA","https://www.iguopin.com","2026-10-13","是","本科及以上","往届","","1-3年工作经验","","","63","medium","专业限制较宽或不限专业；本科或大专层次可报；国企；广州；技术岗位","薪资未披露","","国聘招聘平台","0.9"
"国聘","2026-07-16","国企","广州白云山中一药业有限公司","社招","医药","社招 | 地方国企招聘信息汇总 7月（第二期）","数字化管理岗","数字化管理","计算机、信息管理等相关","广州","https://mp.weixin.qq.com/s/uG4NycPSYOHBCiJMphUzkA","https://www.iguopin.com","2026-10-13","是","本科及以上","往届","","3-5年工作经验","","","63","medium","专业限制较宽或不限专业；本科或大专层次可报；国企；广州；数字化方向","薪资未披露","","国聘招聘平台","0.9"
"国聘","2026-07-16","外企","珠海横琴路坦信息服务有限公司","社招","信息技术","外资合资企业招聘信息推荐 7月（第三期）","IT开发工程师","开发","未明确，适合计算机相关专业","珠海","https://mp.weixin.qq.com/s/GJJqbV8IyCV8yfdXsSIBbw","https://www.iguopin.com","2026-10-22","是","本科及以上","不限","","1-3年经验","","","63","medium","专业限制较宽或不限专业；本科或大专层次可报；技术岗位；外资企业；经验要求适中","薪资未披露","","国聘官网","0.9"
"国聘","2026-07-16","外企","珠海横琴路坦信息服务有限公司","社招","信息技术","外资合资企业招聘信息推荐 7月（第三期）","分析师/高级分析师","数据分析","未明确，适合统计、数学、经济等专业","珠海","https://mp.weixin.qq.com/s/GJJqbV8IyCV8yfdXsSIBbw","https://www.iguopin.com","2026-10-22","是","本科及以上","不限","","1-3年经验","","","63","medium","专业限制较宽或不限专业；本科或大专层次可报；分析岗位；外资企业；经验要求适中","薪资未披露","","国聘官网","0.9"
"国聘","2026-07-16","合资","中诚宝捷思货币经纪有限公司","校招","金融","外资合资企业招聘信息推荐 7月（第三期）","货币经纪人培训生（固定收益）","货币经纪","未明确，适合金融、经济等专业","北京","https://mp.weixin.qq.com/s/GJJqbV8IyCV8yfdXsSIBbw","https://www.iguopin.com","2026-10-22","否","本科及以上","应届生","","应届生","","","63","medium","专业限制较宽或不限专业；本科或大专层次可报；培训生项目；金融行业；北京工作","薪资未披露；仅限应届生","","国聘官网","0.9"
"国聘","2026-07-16","外企","正大（海南）农牧有限公司","社招","农业","外资合资企业招聘信息推荐 7月（第三期）","机电储备干部","机电","未明确，适合机电相关专业","澄迈","https://mp.weixin.qq.com/s/GJJqbV8IyCV8yfdXsSIBbw","https://www.iguopin.com","2026-10-22","是","大专及以上","不限","","1-5年经验","","","63","medium","专业限制较宽或不限专业；本科或大专层次可报；储备干部；大专可报；外资企业","薪资未披露；要求经验","","国聘官网","0.9"
"国聘","2026-07-16","央企","中国水产广州建港工程有限公司","社招","农业","央企名企广东省岗位推荐 7月（第一期）","中农发（重庆）农业发展有限公司总经理","总经理","不限专业","广州","https://mp.weixin.qq.com/s/ritNEo7PrVg5xGucqLs9ig","https://www.iguopin.com","","是","大专及以上","未明确","","5-10年经验","","","61","medium","专业限制较宽或不限专业；本科或大专层次可报；央企背景；高级管理岗位","经验要求高；薪资未披露；工作地点可能重庆","","国聘平台","0.9"
"国聘","2026-07-16","外企","珠海横琴路坦信息服务有限公司","社招","信息技术","外资合资企业招聘信息推荐 7月（第三期）","高级全栈开发工程师","全栈开发","未明确，适合计算机相关专业","珠海","https://mp.weixin.qq.com/s/GJJqbV8IyCV8yfdXsSIBbw","https://www.iguopin.com","2026-10-22","是","本科及以上","不限","","5-10年经验","","","61","medium","专业限制较宽或不限专业；本科或大专层次可报；技术岗位；外资企业；高薪潜力","薪资未披露；经验要求高","","国聘官网","0.9"
"国聘","2026-07-16","国企","中粮（江西）米业有限公司","社招","食品","外资合资企业招聘信息推荐 7月（第三期）","电工","电工","未明确，适合电气相关专业","南昌","https://mp.weixin.qq.com/s/GJJqbV8IyCV8yfdXsSIBbw","https://www.iguopin.com","2026-10-22","是","本科及以上","不限","","3-5年经验","","","61","medium","专业限制较宽或不限专业；本科或大专层次可报；国企稳定；技术岗位","薪资未披露；经验要求高；本科要求对电工岗位偏高","","国聘官网","0.9"
"国聘","2026-07-16","国企","北京首都科技发展集团有限公司","社招","科技服务","社招 | 地方国企招聘信息汇总 7月（第二期）","博士后科研人员","科技服务业垂域大模型方向","计算机、人工智能等相关","北京","https://mp.weixin.qq.com/s/uG4NycPSYOHBCiJMphUzkA","https://www.iguopin.com","2026-10-13","是","博士","往届","","经验不限","","","35","low","专业限制较宽或不限专业；硬性要求博士，按偏好后置；博士岗位；北京；科研方向","硬性博士要求，与你的学历排序偏好不符；薪资未披露；硬性博士","","国聘招聘平台","0.9"
"清华就业","2026-07-16","央企","中国船舶集团有限公司系统工程研究院","校招","制造业","开放日｜中国船舶集团有限公司系统工程研究院&中船智海创新研究院2027届校招企业开放日邀请函","校招岗位（未明确）","系统工程；智能创新","未明确，推测为理工科相关","北京","https://mp.weixin.qq.com/s/O4yusTf35G4z3ZR6lU2n5A","https://mp.weixin.qq.com/s/O4yusTf35G4z3ZR6lU2n5A","","否","硕士及以上学历","2027届","","2027届应届毕业生","","","63","medium","专业限制较宽或不限专业；学历要求以硕士为主，符合优先级；央企平台，稳定性高；面向2027届，机会早","岗位信息不明确；薪资福利未披露","","企业开放日报名","0.6"
"清华就业","2026-07-16","央企","中船智海创新研究院","校招","制造业","开放日｜中国船舶集团有限公司系统工程研究院&中船智海创新研究院2027届校招企业开放日邀请函","校招岗位（未明确）","智能创新；系统工程","未明确，推测为理工科相关","北京","https://mp.weixin.qq.com/s/O4yusTf35G4z3ZR6lU2n5A","https://mp.weixin.qq.com/s/O4yusTf35G4z3ZR6lU2n5A","","否","硕士及以上学历","2027届","","2027届应届毕业生","","","63","medium","专业限制较宽或不限专业；学历要求以硕士为主，符合优先级；央企平台，稳定性高；面向2027届，机会早","岗位信息不明确；薪资福利未披露","","企业开放日报名","0.6"
"央企求职网","2026-07-16","未披露","未披露","社招","交通运输","海员薪资曝光！","海员","远洋船长；轮机长；大副；二管轮；三副；水手长；机工长；高级水手；高级机工；厨师；水手；机工","未明确专业要求","未披露","https://mp.weixin.qq.com/s/B80nTkiNlBWC6VVa6Fw65A","https://mp.weixin.qq.com/s?__biz=MzIzMzcyNjU1MQ==&mid=2247597544&idx=1&sn=8316d1c73558134611e174570c337d50&scene=21#wechat_redirect","未披露","是","未明确要求，但退役军人优先，推测学历要求不高","未披露","","退役军人优先","4100-4300美元/月","包吃住；环游世界","61","medium","专业限制较宽或不限专业；学历要求未明确，需进一步核实；薪资高，月薪4100-4300美元；包吃住，环游世界；退役军人优先，门槛较低","工作环境特殊，长期海上作业；学历和专业要求未披露，可能存在不确定性；截止时间未披露，需自行关注","137","通过链接中的公告报名","0.8"
"北航就业","2026-07-16","央企","中船智海创新研究院","校招","船舶/军工","开放日 | 中国船舶集团有限公司系统工程研究院&中船智海创新研究院 | 2027届校招企业开放日邀请函","行政管理","行政事务管理；人力资源管理；财务管理","行政管理、人力资源管理、财务管理、会计学、经济学、法学等相关专业","北京","https://mp.weixin.qq.com/s/ewIo3w6InT-PeGCwA9XU5Q","","","否","硕士及以上学历","2027届","","2027届硕士及以上学历毕业生","","央企福利；五险一金；补充医疗保险；企业年金；员工宿舍；食堂；班车","94","high","专业高度匹配行政管理；学历要求以硕士为主，符合优先级；央企平台，稳定性高；行政管理专业最对口；福利待遇完善","薪资未披露；仅限2027届硕士；需参加开放日才能进一步了解","","企业开放日现场投递或后续网申","0.8"
"北航就业","2026-07-16","央企","中国船舶集团有限公司系统工程研究院","校招","船舶/军工","开放日 | 中国船舶集团有限公司系统工程研究院&中船智海创新研究院 | 2027届校招企业开放日邀请函","项目管理","项目计划管理；项目协调；项目评估","管理科学与工程、工商管理、公共管理、系统工程、项目管理等相关专业","北京","https://mp.weixin.qq.com/s/ewIo3w6InT-PeGCwA9XU5Q","","","否","硕士及以上学历","2027届","","2027届硕士及以上学历毕业生","","央企福利；五险一金；补充医疗保险；企业年金；员工宿舍；食堂；班车","86","high","专业符合管理类方向；学历要求以硕士为主，符合优先级；央企平台，稳定性高；管理类专业对口；福利待遇完善","薪资未披露；仅限2027届硕士；需参加开放日才能进一步了解","","企业开放日现场投递或后续网申","0.8"
"北航就业","2026-07-16","央企","中国船舶集团有限公司系统工程研究院","校招","船舶/军工","开放日 | 中国船舶集团有限公司系统工程研究院&中船智海创新研究院 | 2027届校招企业开放日邀请函","系统工程师","系统总体设计；系统集成；系统仿真","船舶与海洋工程、控制科学与工程、计算机科学与技术、电子科学与技术、信息与通信工程、机械工程、动力工程及工程热物理、力学、数学、物理学等相关专业","北京","https://mp.weixin.qq.com/s/ewIo3w6InT-PeGCwA9XU5Q","","","否","硕士及以上学历","2027届","","2027届硕士及以上学历毕业生","","央企福利；五险一金；补充医疗保险；企业年金；员工宿舍；食堂；班车","72","medium","专业限制较宽或不限专业；学历要求以硕士为主，符合优先级；央企平台，稳定性高；专业对口，发展前景好；福利待遇完善","薪资未披露；仅限2027届硕士；需参加开放日才能进一步了解","","企业开放日现场投递或后续网申","0.8"
"北航就业","2026-07-16","央企","中船智海创新研究院","校招","船舶/军工","开放日 | 中国船舶集团有限公司系统工程研究院&中船智海创新研究院 | 2027届校招企业开放日邀请函","算法工程师","人工智能算法；大数据分析；智能决策","计算机科学与技术、软件工程、人工智能、数学、统计学、控制科学与工程、信息与通信工程等相关专业","北京","https://mp.weixin.qq.com/s/ewIo3w6InT-PeGCwA9XU5Q","","","否","硕士及以上学历","2027届","","2027届硕士及以上学历毕业生","","央企福利；五险一金；补充医疗保险；企业年金；员工宿舍；食堂；班车","72","medium","专业限制较宽或不限专业；学历要求以硕士为主，符合优先级；央企平台，稳定性高；人工智能方向热门；福利待遇完善","薪资未披露；仅限2027届硕士；需参加开放日才能进一步了解","","企业开放日现场投递或后续网申","0.8"
"北航就业","2026-07-16","央企","中国船舶集团有限公司系统工程研究院","校招","船舶/军工","开放日 | 中国船舶集团有限公司系统工程研究院&中船智海创新研究院 | 2027届校招企业开放日邀请函","软件工程师","软件开发；软件测试；软件维护","计算机科学与技术、软件工程、信息与通信工程、电子科学与技术、控制科学与工程等相关专业","北京","https://mp.weixin.qq.com/s/ewIo3w6InT-PeGCwA9XU5Q","","","否","硕士及以上学历","2027届","","2027届硕士及以上学历毕业生","","央企福利；五险一金；补充医疗保险；企业年金；员工宿舍；食堂；班车","72","medium","专业限制较宽或不限专业；学历要求以硕士为主，符合优先级；央企平台，稳定性高；专业对口；福利待遇完善","薪资未披露；仅限2027届硕士；需参加开放日才能进一步了解","","企业开放日现场投递或后续网申","0.8"
"北航就业","2026-07-16","央企","中船智海创新研究院","校招","船舶/军工","开放日 | 中国船舶集团有限公司系统工程研究院&中船智海创新研究院 | 2027届校招企业开放日邀请函","硬件工程师","硬件设计；嵌入式系统；电路设计","电子科学与技术、信息与通信工程、计算机科学与技术、控制科学与工程、机械工程、仪器科学与技术等相关专业","北京","https://mp.weixin.qq.com/s/ewIo3w6InT-PeGCwA9XU5Q","","","否","硕士及以上学历","2027届","","2027届硕士及以上学历毕业生","","央企福利；五险一金；补充医疗保险；企业年金；员工宿舍；食堂；班车","72","medium","专业限制较宽或不限专业；学历要求以硕士为主，符合优先级；央企平台，稳定性高；硬件方向需求稳定；福利待遇完善","薪资未披露；仅限2027届硕士；需参加开放日才能进一步了解","","企业开放日现场投递或后续网申","0.8"
"国企求职网","2026-07-16","未披露","详见原文","社招","未披露","电力公司2026年第二批社会招聘公告","电力公司2026年第二批社会招聘公告","","管理、工商、市场营销、经济、金融、审计、法学、不限专业","","https://mp.weixin.qq.com/s/Ka2vl-vH6Q5SqU8m3a_WGg","","","未明确","bachelor_associate","2026届","","","","","70","medium","专业符合管理类方向；本科或大专层次可报；命中专业关键词：管理、工商、市场营销、经济、金融、审计、法学、不限专业","当前为规则降级结果，岗位细节需 DeepSeek 重新分析","","","0.58"
"国企求职网","2026-07-16","央企","中国石油化工集团有限公司","校招","石油石化","中国石化2027校招提前知：招聘流程、薪资待遇、考试真题！","未明确岗位","未明确","所学专业符合招聘岗位要求，满足招聘单位业务发展需要","全国","https://mp.weixin.qq.com/s/vH9SroeFr2_RmVkKOz5R3A","","预计2026年11月15日24:00","否","本科及以上，取得相应学历学位证书","2026届","","遵纪守法，品行端正，团结协作，无不良行为记录；热爱石油石化事业，认同中国石化企业文化和价值观；身心健康，能适应岗位工作需要；学习成绩优良；西藏、青海、新疆三省区及四川、云南、甘肃三省涉藏州县毕业生在同等条件下优先录取","硕士入职转正第一年平均16~20w","五险一金；补充医疗险；企业年金；重疾险；意外险；带薪年假；年度体检；生日福利；结婚礼金；生育礼金；退休慰问金；急难救助金","67","medium","专业限制较宽或不限专业；本科或大专层次可报；央企平台，世界500强第6位，稳定性高；薪酬福利优厚，人均薪酬29.26万元，硕士一线城市可达16-20w；福利全面，包括五险一金、补充医疗、企业年金等；北京地区有机会解决户口","岗位信息未明确，无法判断具体方向；仅面向2026届应届生，往届生不可投递；报名时间未到，需等待后续通知；竞争激烈，需通过统一初选考试","","网上报名","0.8"
"国企求职网","2026-07-16","央企","中国葛洲坝集团国际工程有限公司","社招","工程建设","招商局集团总部社会招聘公告！","成熟人才","国际工程管理","未披露","未披露","https://mp.weixin.qq.com/s/M34Nc0MBOLKvKUeaz6n4ig","","","是","未披露","往届生","","成熟人才","","","31","low","专业范围尚需核对原文；学历要求未明确，需进一步核实；央企平台，国际业务发展前景好","信息不完整，无法评估具体岗位要求","","","0.3"
"国企求职网","2026-07-16","国企","北京水务投资集团有限公司","社招","水务投资","招商局集团总部社会招聘公告！","集团本部及所属项目单位岗位","水务投资管理","未披露","北京","https://mp.weixin.qq.com/s/M34Nc0MBOLKvKUeaz6n4ig","","","是","未披露","往届生","","","","","31","low","专业范围尚需核对原文；学历要求未明确，需进一步核实；北京地区国企，稳定性高","信息不完整，无法评估具体岗位要求","","","0.3"
"国企求职网","2026-07-16","国企","雄安体育中心运营管理有限公司","社招","体育运营","招商局集团总部社会招聘公告！","运营管理岗位","体育中心运营管理","未披露","雄安新区","https://mp.weixin.qq.com/s/M34Nc0MBOLKvKUeaz6n4ig","","","是","未披露","往届生","","","","","31","low","专业范围尚需核对原文；学历要求未明确，需进一步核实；雄安新区发展机遇","信息不完整，无法评估具体岗位要求","","","0.3"
"国企求职网","2026-07-16","央企","三峡集团","社招","能源","招商局集团总部社会招聘公告！","2026年度招聘岗位","能源相关","未披露","全国","https://mp.weixin.qq.com/s/M34Nc0MBOLKvKUeaz6n4ig","","","是","未披露","往届生","","","","","31","low","专业范围尚需核对原文；学历要求未明确，需进一步核实；大型央企，行业龙头","信息不完整，无法评估具体岗位要求","","","0.3"
"国企求职网","2026-07-16","央企","中国化学工程第十三建设有限公司","社招","工程建设","招商局集团总部社会招聘公告！","招聘岗位","化学工程建设","未披露","未披露","https://mp.weixin.qq.com/s/M34Nc0MBOLKvKUeaz6n4ig","","","是","未披露","往届生","","","","","31","low","专业范围尚需核对原文；学历要求未明确，需进一步核实；央企平台","信息不完整，无法评估具体岗位要求","","","0.3"
"国企求职网","2026-07-16","央企","中国农业发展集团有限公司","社招","农业","招商局集团总部社会招聘公告！","招聘岗位","农业相关","未披露","未披露","https://mp.weixin.qq.com/s/M34Nc0MBOLKvKUeaz6n4ig","","","是","未披露","往届生","","","","","31","low","专业范围尚需核对原文；学历要求未明确，需进一步核实；央企平台","信息不完整，无法评估具体岗位要求","","","0.3"
"国企求职网","2026-07-16","央企","南方电网","社招","能源","招商局集团总部社会招聘公告！","2026年公开社会招聘岗位","电力相关","未披露","未披露","https://mp.weixin.qq.com/s/M34Nc0MBOLKvKUeaz6n4ig","","","是","未披露","往届生","","","","","31","low","专业范围尚需核对原文；学历要求未明确，需进一步核实；大型央企，行业领先","信息不完整，无法评估具体岗位要求","","","0.3"
"国企求职网","2026-07-16","央企","中国石油直属单位","社招","能源","招商局集团总部社会招聘公告！","2026社会招聘岗位","石油相关","未披露","未披露","https://mp.weixin.qq.com/s/M34Nc0MBOLKvKUeaz6n4ig","","","是","未披露","往届生","","","","","31","low","专业范围尚需核对原文；学历要求未明确，需进一步核实；大型央企，行业龙头","信息不完整，无法评估具体岗位要求","","","0.3"
"央企求职网","2026-07-16","民企","海途教育有限公司及其合作单位","校招；社招","交通运输","2026年国企海员招聘公告","海船三副","甲板部","不限专业","全国15+基地","https://mp.weixin.qq.com/s/JVU_WMf0XbiCEjNzTB7rzg","","2026-07-18","是","大专及以上","不限","","年龄35岁及以下，优秀可放宽至40岁；满足船员健康检查要求：无色盲弱、无复视、无乙肝等传染病，身高1.65米及以上","18000","培训后推荐就业","67","medium","专业限制较宽或不限专业；本科或大专层次可报；薪资较高，18000元/月；晋升路径清晰，二副→大副→船长；大专起点，培训12个月","需参加12个月培训；工作环境为海上，条件艰苦；年龄限制35岁","","微信扫描二维码报名","0.9"
"央企求职网","2026-07-16","民企","海途教育有限公司及其合作单位","校招；社招","交通运输","2026年国企海员招聘公告","海船三管轮","轮机部","不限专业","全国15+基地","https://mp.weixin.qq.com/s/JVU_WMf0XbiCEjNzTB7rzg","","2026-07-18","是","大专及以上","不限","","年龄35岁及以下，优秀可放宽至40岁；满足船员健康检查要求：无色盲弱、无复视、无乙肝等传染病，身高1.55米及以上","18000","培训后推荐就业","67","medium","专业限制较宽或不限专业；本科或大专层次可报；薪资较高，18000元/月；晋升路径清晰，二管→大管→轮机长；大专起点，培训12个月","需参加12个月培训；工作环境为海上，条件艰苦；年龄限制35岁","","微信扫描二维码报名","0.9"
"央企求职网","2026-07-16","民企","海途教育有限公司及其合作单位","校招；社招","交通运输","2026年国企海员招聘公告","值班水手","甲板部","不限专业","全国15+基地","https://mp.weixin.qq.com/s/JVU_WMf0XbiCEjNzTB7rzg","","2026-07-18","是","初中及以上","不限","","年龄35岁及以下，优秀可放宽至40岁；满足船员健康检查要求：无色盲弱、无复视、无乙肝等传染病，身高1.65米及以上","10000-16000","培训后推荐就业","67","medium","专业限制较宽或不限专业；本科或大专层次可报；学历要求低，初中及以上即可；薪资较高，10000-16000元/月；退役军人优先，有绿色通道","需参加3-6个月培训；工作环境为海上，条件艰苦；年龄限制35岁，优秀可放宽","","微信扫描二维码报名","0.9"
"央企求职网","2026-07-16","民企","海途教育有限公司及其合作单位","校招；社招","交通运输","2026年国企海员招聘公告","值班机工","轮机部","不限专业","全国15+基地","https://mp.weixin.qq.com/s/JVU_WMf0XbiCEjNzTB7rzg","","2026-07-18","是","初中及以上","不限","","年龄35岁及以下，优秀可放宽至40岁；满足船员健康检查要求：无色盲弱、无复视、无乙肝等传染病，身高1.55米及以上","10000-16000","培训后推荐就业","67","medium","专业限制较宽或不限专业；本科或大专层次可报；学历要求低，初中及以上即可；薪资较高，10000-16000元/月；退役军人优先","需参加3-6个月培训；工作环境为海上，条件艰苦；年龄限制35岁","","微信扫描二维码报名","0.9"
"央企求职网","2026-07-16","央企","中粮集团有限公司","社招","农粮食品","中粮集团2026年度最新招聘公告","运营管理提升岗","运营管理提升","工商管理、产业经济学、统计学、财务管理、会计学等相关专业","北京市朝阳区","https://mp.weixin.qq.com/s/_CR_Mcyl3PytIyJRHNoSQg","","2026-07-24","是","全日制大学本科及以上学历","不限","","中共党员优先；本科8年/硕士6年及以上大中型企业运营管理、战略改革、经营分析或管理咨询经验；头部咨询机构项目实操或大型企业变革经验，主导流程再造等不少于3项；有国资体系企业管理工作经验优先；大学英语四级；熟练撰写公文和办公软件","","","70","medium","专业符合管理类方向；本科或大专层次可报；央企平台，稳定性高；岗位核心，涉及集团管理提升；专业对口管理类","要求工作经验较长，应届生无法投递；薪资未披露；竞争激烈，要求高","1","邮箱投递","0.9"
"央企求职网","2026-07-16","央企","中粮集团有限公司","社招","农粮食品","中粮集团2026年度最新招聘公告","物流仓储战略规划岗","物流仓储战略规划","供应链管理、交通运输及物流管理、工商管理、工程管理等相关专业","北京市朝阳区","https://mp.weixin.qq.com/s/_CR_Mcyl3PytIyJRHNoSQg","","2026-07-24","是","全日制大学本科及以上学历","不限","","中共党员优先；5年以上供应链管理、物流体系规划、运营管理经验；熟悉物流仓储网络规划及基建改造者优先；大学英语四级；熟练撰写公文和办公软件","","","70","medium","专业符合管理类方向；本科或大专层次可报；央企平台，发展前景好；岗位专业性强，适合物流管理背景；工作地点北京","要求5年以上经验，应届生不可投；薪资未披露；专业限制较窄","1","邮箱投递","0.9"
"央企求职网","2026-07-16","央企","中粮集团有限公司","社招","农粮食品","中粮集团2026年度最新招聘公告","多式联运运营岗","多式联运运营","供应链管理、交通运输、物流管理、采购管理、工商管理等相关专业","北京市朝阳区","https://mp.weixin.qq.com/s/_CR_Mcyl3PytIyJRHNoSQg","","2026-07-24","是","全日制大学本科及以上学历","不限","","中共党员优先；5年以上运力统筹、物流质量管控、供应链运营管理经验；熟悉多式联运业务逻辑者优先；大学英语四级；熟练撰写公文和办公软件","","","70","medium","专业符合管理类方向；本科或大专层次可报；央企核心岗位，涉及物流全链条；专业对口管理类；工作地点北京","要求5年以上经验，应届生不可投；薪资未披露；专业限制较窄","1","邮箱投递","0.9"
"央企求职网","2026-07-16","央企","中粮集团有限公司","社招","农粮食品","中粮集团2026年度最新招聘公告","物流智能规划岗","物流智能规划","供应链管理、交通运输、物流管理、信息管理、计算机、经济管理等相关专业优先","北京市朝阳区","https://mp.weixin.qq.com/s/_CR_Mcyl3PytIyJRHNoSQg","","2026-07-24","是","全日制大学本科及以上学历","不限","","中共党员优先；5年以上供应链数字化、智能化体系建设、平台管理、数据治理经验；熟悉智慧供应链建设者优先；大学英语四级；熟练撰写公文和办公软件","","","70","medium","专业符合管理类方向；本科或大专层次可报；央企数字化转型岗位，前景好；专业涵盖管理、计算机，交叉背景有优势；工作地点北京","要求5年以上经验，应届生不可投；薪资未披露；专业要求较宽但经验门槛高","1","邮箱投递","0.9"
"央企求职网","2026-07-16","民企","海途教育有限公司及合作单位","社招","交通运输","月薪4100-4300美元，2026面向社会定向招录海员137人公告发布，退役军人优先","海船三副","甲板部","不限专业","全国15+基地","https://mp.weixin.qq.com/s/At0seRD1MEJv0IgDZPGADw","","2026-07-18","是","大专起点","不限","","年龄35岁及以下，条件优秀可放宽至40岁；满足《船员健康检查要求》，无色盲弱、无复视、无乙肝等传染病；甲板部身高1.65米及以上；退役军人优先","18000美元/月","退役军人优先聘用；培训后推荐就业","70","medium","专业限制较宽或不限专业；本科或大专层次可报；薪资高，月薪18000美元；晋升路径短，发展快；退役军人优先；培训后直接就业","薪资单位疑似为人民币，原文写美元但可能错误；需参加12个月培训，周期长；学历要求大专，相对较高；工作环境特殊，需适应海上生活","137","微信扫描二维码报名","0.8"
"央企求职网","2026-07-16","民企","海途教育有限公司及合作单位","社招","交通运输","月薪4100-4300美元，2026面向社会定向招录海员137人公告发布，退役军人优先","海船三管","轮机部","不限专业","全国15+基地","https://mp.weixin.qq.com/s/At0seRD1MEJv0IgDZPGADw","","2026-07-18","是","大专起点","不限","","年龄35岁及以下，条件优秀可放宽至40岁；满足《船员健康检查要求》，无色盲弱、无复视、无乙肝等传染病；轮机部身高1.55米及以上；退役军人优先","18000美元/月","退役军人优先聘用；培训后推荐就业","70","medium","专业限制较宽或不限专业；本科或大专层次可报；薪资高，月薪18000美元；晋升路径短，发展快；退役军人优先；培训后直接就业","薪资单位疑似为人民币，原文写美元但可能错误；需参加12个月培训，周期长；学历要求大专，相对较高；工作环境特殊，需适应海上生活","137","微信扫描二维码报名","0.8"
"央企求职网","2026-07-16","民企","海途教育有限公司及合作单位","社招","交通运输","月薪4100-4300美元，2026面向社会定向招录海员137人公告发布，退役军人优先","值班水手","甲板部","不限专业","全国15+基地","https://mp.weixin.qq.com/s/At0seRD1MEJv0IgDZPGADw","","2026-07-18","是","初中及以上文化程度","不限","","年龄35岁及以下，条件优秀可放宽至40岁；满足《船员健康检查要求》，无色盲弱、无复视、无乙肝等传染病；甲板部身高1.65米及以上；退役军人优先","10000-16000美元/月","退役军人优先聘用；培训后推荐就业","69","medium","专业限制较宽或不限专业；本科或大专层次可报；学历要求低，初中即可；退役军人优先，有绿色通道；薪资较高，月薪10000-16000美元；培训后直接推荐就业","薪资单位疑似为人民币，原文写美元但可能错误；需参加3-6个月培训，培训期间无收入；工作环境特殊，需适应海上生活；年龄限制较严，35岁以下","137","微信扫描二维码报名","0.8"
"央企求职网","2026-07-16","民企","海途教育有限公司及合作单位","社招","交通运输","月薪4100-4300美元，2026面向社会定向招录海员137人公告发布，退役军人优先","值班机工","轮机部","不限专业","全国15+基地","https://mp.weixin.qq.com/s/At0seRD1MEJv0IgDZPGADw","","2026-07-18","是","初中及以上文化程度","不限","","年龄35岁及以下，条件优秀可放宽至40岁；满足《船员健康检查要求》，无色盲弱、无复视、无乙肝等传染病；轮机部身高1.55米及以上；退役军人优先","10000-16000美元/月","退役军人优先聘用；培训后推荐就业","69","medium","专业限制较宽或不限专业；本科或大专层次可报；学历要求低，初中即可；退役军人优先，有绿色通道；薪资较高，月薪10000-16000美元；培训后直接推荐就业","薪资单位疑似为人民币，原文写美元但可能错误；需参加3-6个月培训，培训期间无收入；工作环境特殊，需适应海上生活；年龄限制较严，35岁以下","137","微信扫描二维码报名","0.8"
"央企求职网","2026-07-16","央企","山东核电设备制造有限公司","社招","核电设备制造","国家电投2026年度最新招聘公告","专业人才","核能装备制造相关岗位","未明确具体专业，需参考附件1","山东省海阳市","https://mp.weixin.qq.com/s/RuWpNkp-Axv7_aUkgp9asA","https://www.iguopin.com/","2026-07-23","是","未明确最低学历，需参考附件1","不限","","基本任职条件：政治素质、专业能力、职业素养、身体健康；资格禁入：违纪违法、失信、重大国有资产损失等；近三年年度考核结果无“不称职/不合格”","","","36","low","专业范围尚需核对原文；学历要求未明确，需进一步核实；央企平台，稳定性高；核电行业前景好；工作地点山东海阳","学历、专业要求未明确，需下载附件；薪资福利未披露；不承诺解决家属工作","","登录国家电投内部人才市场信息平台、国聘网在线申请或投递简历至zhaopin@mail.snpemc.com","0.8"
